-- phpMyAdmin SQL Dump
-- version 5.0.2
-- https://www.phpmyadmin.net/
--
-- Hôte : 127.0.0.1
-- Généré le : mar. 29 sep. 2020 à 17:57
-- Version du serveur :  10.4.13-MariaDB
-- Version de PHP : 7.4.7

SET SQL_MODE = "NO_AUTO_VALUE_ON_ZERO";
START TRANSACTION;
SET time_zone = "+00:00";


/*!40101 SET @OLD_CHARACTER_SET_CLIENT=@@CHARACTER_SET_CLIENT */;
/*!40101 SET @OLD_CHARACTER_SET_RESULTS=@@CHARACTER_SET_RESULTS */;
/*!40101 SET @OLD_COLLATION_CONNECTION=@@COLLATION_CONNECTION */;
/*!40101 SET NAMES utf8mb4 */;

--
-- Base de données : `doctor-s-office-management`
--

-- --------------------------------------------------------

--
-- Structure de la table `appointments`
--

CREATE TABLE `appointments` (
  `id` bigint(20) UNSIGNED NOT NULL,
  `date_appmnt` date NOT NULL,
  `hour` varchar(255) COLLATE utf8mb4_unicode_ci NOT NULL,
  `validate` char(1) COLLATE utf8mb4_unicode_ci NOT NULL,
  `id_patient` bigint(20) UNSIGNED NOT NULL,
  `created_at` timestamp NULL DEFAULT NULL,
  `updated_at` timestamp NULL DEFAULT NULL
) ENGINE=InnoDB DEFAULT CHARSET=utf8mb4 COLLATE=utf8mb4_unicode_ci;

--
-- Déchargement des données de la table `appointments`
--

INSERT INTO `appointments` (`id`, `date_appmnt`, `hour`, `validate`, `id_patient`, `created_at`, `updated_at`) VALUES
(1, '2020-09-03', '10', '0', 2, '2020-09-03 14:26:54', '2020-09-03 14:26:54'),
(2, '2020-09-03', '13', '0', 6, '2020-09-03 14:27:55', '2020-09-03 14:27:55'),
(3, '2020-09-03', '15', '0', 7, '2020-09-03 14:34:03', '2020-09-03 14:34:03'),
(4, '2020-09-04', '10', '0', 2, '2020-09-04 13:32:47', '2020-09-04 13:32:47'),
(5, '2020-09-04', '10', '0', 3, '2020-09-04 14:16:35', '2020-09-04 14:16:35'),
(6, '2020-09-04', '12', '0', 6, '2020-09-04 14:23:56', '2020-09-04 14:23:56'),
(7, '2020-09-07', '13', '0', 7, '2020-09-07 15:44:24', '2020-09-07 15:44:24'),
(8, '2020-09-08', '16', '0', 5, '2020-09-07 15:45:02', '2020-09-07 15:45:02'),
(9, '2020-09-09', '13', '0', 3, '2020-09-08 14:23:58', '2020-09-08 14:23:58'),
(10, '2020-09-16', '10', '0', 2, '2020-09-16 09:18:34', '2020-09-16 09:18:34'),
(11, '2020-09-16', '11', '0', 3, '2020-09-16 09:18:34', '2020-09-16 09:18:34'),
(12, '2020-09-16', '12', '0', 4, '2020-09-16 09:18:34', '2020-09-16 09:18:34'),
(13, '2020-09-16', '13', '0', 5, '2020-09-16 09:18:34', '2020-09-16 09:18:34'),
(14, '2020-09-16', '14', '0', 6, '2020-09-16 09:18:34', '2020-09-16 09:18:34'),
(15, '2020-09-16', '15', '0', 7, '2020-09-16 09:18:34', '2020-09-16 09:18:34'),
(16, '2020-09-16', '16', '0', 8, '2020-09-16 09:18:34', '2020-09-16 09:18:34'),
(17, '2020-09-16', '17', '0', 9, '2020-09-16 09:18:34', '2020-09-16 09:18:34'),
(18, '2020-09-17', '10', '0', 10, '2020-09-16 09:18:34', '2020-09-16 09:18:34'),
(19, '2020-09-17', '11', '0', 11, '2020-09-16 09:18:34', '2020-09-16 09:18:34'),
(20, '2020-09-17', '12', '0', 12, '2020-09-16 09:18:34', '2020-09-16 09:18:34'),
(21, '2020-09-17', '13', '0', 13, '2020-09-16 09:18:34', '2020-09-16 09:18:34'),
(22, '2020-09-17', '14', '0', 14, '2020-09-16 09:18:34', '2020-09-16 09:18:34'),
(23, '2020-09-17', '15', '0', 15, '2020-09-16 09:18:34', '2020-09-16 09:18:34'),
(24, '2020-09-17', '16', '0', 16, '2020-09-16 09:18:34', '2020-09-16 09:18:34'),
(25, '2020-09-17', '17', '0', 17, '2020-09-16 09:18:34', '2020-09-16 09:18:34'),
(26, '2020-09-18', '10', '0', 18, '2020-09-16 09:18:34', '2020-09-16 09:18:34'),
(27, '2020-09-18', '11', '0', 19, '2020-09-16 09:18:34', '2020-09-16 09:18:34'),
(28, '2020-09-18', '12', '0', 20, '2020-09-16 09:18:34', '2020-09-16 09:18:34'),
(29, '2020-09-18', '13', '0', 21, '2020-09-16 09:18:34', '2020-09-16 09:18:34'),
(30, '2020-09-18', '14', '0', 22, '2020-09-16 09:18:34', '2020-09-16 09:18:34'),
(31, '2020-09-18', '15', '0', 23, '2020-09-16 09:18:35', '2020-09-16 09:18:35'),
(32, '2020-09-18', '16', '0', 24, '2020-09-16 09:18:35', '2020-09-16 09:18:35'),
(33, '2020-09-18', '17', '0', 25, '2020-09-16 09:18:35', '2020-09-16 09:18:35'),
(34, '2020-09-19', '10', '0', 26, '2020-09-16 09:18:35', '2020-09-16 09:18:35'),
(35, '2020-09-19', '11', '0', 27, '2020-09-16 09:18:35', '2020-09-16 09:18:35'),
(36, '2020-09-19', '12', '0', 28, '2020-09-16 09:18:35', '2020-09-16 09:18:35'),
(37, '2020-09-19', '13', '0', 29, '2020-09-16 09:18:35', '2020-09-16 09:18:35'),
(38, '2020-09-19', '14', '0', 30, '2020-09-16 09:18:35', '2020-09-16 09:18:35'),
(39, '2020-09-19', '15', '0', 31, '2020-09-16 09:18:35', '2020-09-16 09:18:35'),
(40, '2020-09-19', '16', '0', 32, '2020-09-16 09:18:35', '2020-09-16 09:18:35'),
(41, '2020-09-19', '17', '0', 33, '2020-09-16 09:18:35', '2020-09-16 09:18:35'),
(42, '2020-09-20', '10', '0', 34, '2020-09-16 09:18:35', '2020-09-16 09:18:35'),
(43, '2020-09-20', '11', '0', 35, '2020-09-16 09:18:35', '2020-09-16 09:18:35'),
(44, '2020-09-20', '12', '0', 36, '2020-09-16 09:18:35', '2020-09-16 09:18:35'),
(45, '2020-09-20', '13', '0', 37, '2020-09-16 09:18:35', '2020-09-16 09:18:35'),
(46, '2020-09-20', '14', '0', 38, '2020-09-16 09:18:35', '2020-09-16 09:18:35'),
(47, '2020-09-20', '15', '0', 39, '2020-09-16 09:18:35', '2020-09-16 09:18:35'),
(48, '2020-09-20', '16', '0', 40, '2020-09-16 09:18:35', '2020-09-16 09:18:35'),
(49, '2020-09-20', '17', '0', 41, '2020-09-16 09:18:35', '2020-09-16 09:18:35'),
(50, '2020-09-21', '10', '0', 42, '2020-09-16 09:18:35', '2020-09-16 09:18:35'),
(51, '2020-09-21', '11', '0', 43, '2020-09-16 09:18:35', '2020-09-16 09:18:35'),
(52, '2020-09-21', '12', '0', 44, '2020-09-16 09:18:35', '2020-09-16 09:18:35'),
(53, '2020-09-21', '13', '0', 45, '2020-09-16 09:18:35', '2020-09-16 09:18:35'),
(54, '2020-09-21', '14', '0', 46, '2020-09-16 09:18:35', '2020-09-16 09:18:35'),
(55, '2020-09-21', '15', '0', 47, '2020-09-16 09:18:35', '2020-09-16 09:18:35'),
(56, '2020-09-21', '16', '0', 48, '2020-09-16 09:18:35', '2020-09-16 09:18:35'),
(57, '2020-09-21', '17', '0', 49, '2020-09-16 09:18:35', '2020-09-16 09:18:35'),
(58, '2020-09-22', '10', '0', 50, '2020-09-16 09:18:35', '2020-09-16 09:18:35'),
(59, '2020-09-22', '11', '0', 51, '2020-09-16 09:18:35', '2020-09-16 09:18:35'),
(60, '2020-09-22', '12', '0', 52, '2020-09-16 09:18:35', '2020-09-16 09:18:35'),
(61, '2020-09-22', '13', '0', 53, '2020-09-16 09:18:35', '2020-09-16 09:18:35'),
(62, '2020-09-22', '14', '0', 54, '2020-09-16 09:18:35', '2020-09-16 09:18:35'),
(63, '2020-09-22', '15', '0', 55, '2020-09-16 09:18:35', '2020-09-16 09:18:35'),
(64, '2020-09-22', '16', '0', 56, '2020-09-16 09:18:35', '2020-09-16 09:18:35'),
(65, '2020-09-22', '17', '0', 57, '2020-09-16 09:18:35', '2020-09-16 09:18:35'),
(66, '2020-09-23', '10', '0', 58, '2020-09-16 09:18:35', '2020-09-16 09:18:35'),
(67, '2020-09-23', '11', '0', 59, '2020-09-16 09:18:35', '2020-09-16 09:18:35'),
(68, '2020-09-23', '12', '0', 60, '2020-09-16 09:18:36', '2020-09-16 09:18:36'),
(69, '2020-09-23', '13', '0', 61, '2020-09-16 09:18:36', '2020-09-16 09:18:36'),
(70, '2020-09-23', '14', '0', 62, '2020-09-16 09:18:36', '2020-09-16 09:18:36'),
(71, '2020-09-23', '15', '0', 63, '2020-09-16 09:18:36', '2020-09-16 09:18:36'),
(72, '2020-09-23', '16', '0', 64, '2020-09-16 09:18:36', '2020-09-16 09:18:36'),
(73, '2020-09-23', '17', '0', 65, '2020-09-16 09:18:36', '2020-09-16 09:18:36'),
(74, '2020-09-24', '10', '0', 66, '2020-09-16 09:18:36', '2020-09-16 09:18:36'),
(75, '2020-09-24', '11', '0', 67, '2020-09-16 09:18:36', '2020-09-16 09:18:36'),
(76, '2020-09-24', '12', '0', 68, '2020-09-16 09:18:36', '2020-09-16 09:18:36'),
(77, '2020-09-24', '13', '0', 69, '2020-09-16 09:18:36', '2020-09-16 09:18:36'),
(78, '2020-09-24', '14', '0', 70, '2020-09-16 09:18:36', '2020-09-16 09:18:36'),
(79, '2020-09-24', '15', '0', 71, '2020-09-16 09:18:36', '2020-09-16 09:18:36'),
(80, '2020-09-24', '16', '0', 72, '2020-09-16 09:18:36', '2020-09-16 09:18:36'),
(81, '2020-09-24', '17', '0', 73, '2020-09-16 09:18:36', '2020-09-16 09:18:36'),
(82, '2020-09-25', '10', '0', 74, '2020-09-16 09:18:36', '2020-09-16 09:18:36'),
(83, '2020-09-25', '11', '0', 75, '2020-09-16 09:18:36', '2020-09-16 09:18:36'),
(84, '2020-09-25', '12', '0', 76, '2020-09-16 09:18:36', '2020-09-16 09:18:36'),
(85, '2020-09-25', '13', '0', 77, '2020-09-16 09:18:36', '2020-09-16 09:18:36'),
(86, '2020-09-25', '14', '0', 78, '2020-09-16 09:18:36', '2020-09-16 09:18:36'),
(87, '2020-09-25', '15', '0', 79, '2020-09-16 09:18:36', '2020-09-16 09:18:36'),
(88, '2020-09-25', '16', '0', 80, '2020-09-16 09:18:36', '2020-09-16 09:18:36'),
(89, '2020-09-25', '17', '0', 81, '2020-09-16 09:18:36', '2020-09-16 09:18:36'),
(90, '2020-09-26', '10', '0', 82, '2020-09-16 09:18:36', '2020-09-16 09:18:36'),
(91, '2020-09-26', '11', '0', 83, '2020-09-16 09:18:36', '2020-09-16 09:18:36'),
(92, '2020-09-26', '12', '0', 84, '2020-09-16 09:18:36', '2020-09-16 09:18:36'),
(93, '2020-09-26', '13', '0', 85, '2020-09-16 09:18:36', '2020-09-16 09:18:36'),
(94, '2020-09-26', '14', '0', 86, '2020-09-16 09:18:36', '2020-09-16 09:18:36'),
(95, '2020-09-26', '15', '0', 87, '2020-09-16 09:18:36', '2020-09-16 09:18:36'),
(96, '2020-09-26', '16', '0', 88, '2020-09-16 09:18:36', '2020-09-16 09:18:36'),
(97, '2020-09-26', '17', '0', 89, '2020-09-16 09:18:36', '2020-09-16 09:18:36'),
(98, '2020-09-27', '10', '0', 90, '2020-09-16 09:18:36', '2020-09-16 09:18:36'),
(99, '2020-09-27', '11', '0', 91, '2020-09-16 09:18:36', '2020-09-16 09:18:36'),
(100, '2020-09-27', '12', '0', 92, '2020-09-16 09:18:36', '2020-09-16 09:18:36'),
(101, '2020-09-27', '13', '0', 93, '2020-09-16 09:18:36', '2020-09-16 09:18:36'),
(102, '2020-09-27', '14', '0', 94, '2020-09-16 09:18:37', '2020-09-16 09:18:37'),
(103, '2020-09-27', '15', '0', 95, '2020-09-16 09:18:37', '2020-09-16 09:18:37'),
(104, '2020-09-27', '16', '0', 96, '2020-09-16 09:18:37', '2020-09-16 09:18:37'),
(105, '2020-09-27', '17', '0', 97, '2020-09-16 09:18:37', '2020-09-16 09:18:37'),
(106, '2020-09-28', '10', '0', 98, '2020-09-16 09:18:37', '2020-09-16 09:18:37'),
(107, '2020-09-28', '11', '0', 99, '2020-09-16 09:18:37', '2020-09-16 09:18:37'),
(108, '2020-09-28', '12', '0', 100, '2020-09-16 09:18:37', '2020-09-16 09:18:37'),
(109, '2020-09-28', '13', '0', 101, '2020-09-16 09:18:37', '2020-09-16 09:18:37'),
(110, '2020-09-28', '14', '0', 102, '2020-09-16 09:18:37', '2020-09-16 09:18:37'),
(111, '2020-09-28', '15', '0', 103, '2020-09-16 09:18:37', '2020-09-16 09:18:37'),
(112, '2020-09-28', '16', '0', 104, '2020-09-16 09:18:37', '2020-09-16 09:18:37'),
(113, '2020-09-28', '17', '0', 105, '2020-09-16 09:18:37', '2020-09-16 09:18:37'),
(114, '2020-09-29', '10', '0', 106, '2020-09-16 09:18:37', '2020-09-16 09:18:37'),
(115, '2020-09-29', '11', '0', 107, '2020-09-16 09:18:37', '2020-09-16 09:18:37'),
(116, '2020-09-29', '12', '0', 108, '2020-09-16 09:18:37', '2020-09-16 09:18:37'),
(117, '2020-09-29', '13', '0', 109, '2020-09-16 09:18:37', '2020-09-16 09:18:37'),
(118, '2020-09-29', '14', '0', 110, '2020-09-16 09:18:37', '2020-09-16 09:18:37'),
(119, '2020-09-29', '15', '0', 111, '2020-09-16 09:18:37', '2020-09-16 09:18:37'),
(120, '2020-09-29', '16', '0', 112, '2020-09-16 09:18:37', '2020-09-16 09:18:37'),
(121, '2020-09-29', '17', '0', 113, '2020-09-16 09:18:37', '2020-09-16 09:18:37'),
(122, '2020-09-30', '10', '0', 114, '2020-09-16 09:18:37', '2020-09-16 09:18:37'),
(123, '2020-09-30', '11', '0', 115, '2020-09-16 09:18:37', '2020-09-16 09:18:37'),
(124, '2020-09-30', '12', '0', 116, '2020-09-16 09:18:37', '2020-09-16 09:18:37'),
(125, '2020-09-30', '13', '0', 117, '2020-09-16 09:18:37', '2020-09-16 09:18:37'),
(126, '2020-09-30', '14', '0', 118, '2020-09-16 09:18:37', '2020-09-16 09:18:37'),
(127, '2020-09-30', '15', '0', 119, '2020-09-16 09:18:37', '2020-09-16 09:18:37'),
(128, '2020-09-30', '16', '0', 120, '2020-09-16 09:18:37', '2020-09-16 09:18:37'),
(129, '2020-09-30', '17', '0', 121, '2020-09-16 09:18:37', '2020-09-16 09:18:37'),
(130, '2020-10-01', '10', '0', 122, '2020-09-16 09:20:43', '2020-09-16 09:20:43'),
(131, '2020-10-01', '11', '0', 123, '2020-09-16 09:20:43', '2020-09-16 09:20:43'),
(132, '2020-10-01', '12', '0', 124, '2020-09-16 09:20:43', '2020-09-16 09:20:43'),
(133, '2020-10-01', '13', '0', 125, '2020-09-16 09:20:43', '2020-09-16 09:20:43'),
(134, '2020-10-01', '14', '0', 126, '2020-09-16 09:20:43', '2020-09-16 09:20:43'),
(135, '2020-10-01', '15', '0', 127, '2020-09-16 09:20:43', '2020-09-16 09:20:43'),
(136, '2020-10-01', '16', '0', 128, '2020-09-16 09:20:43', '2020-09-16 09:20:43'),
(137, '2020-10-01', '17', '0', 129, '2020-09-16 09:20:43', '2020-09-16 09:20:43'),
(138, '2020-10-02', '10', '0', 130, '2020-09-16 09:20:43', '2020-09-16 09:20:43'),
(139, '2020-10-02', '11', '0', 131, '2020-09-16 09:20:43', '2020-09-16 09:20:43'),
(140, '2020-10-02', '12', '0', 132, '2020-09-16 09:20:43', '2020-09-16 09:20:43'),
(141, '2020-10-02', '13', '0', 133, '2020-09-16 09:20:43', '2020-09-16 09:20:43'),
(142, '2020-10-02', '14', '0', 134, '2020-09-16 09:20:43', '2020-09-16 09:20:43'),
(143, '2020-10-02', '15', '0', 135, '2020-09-16 09:20:43', '2020-09-16 09:20:43'),
(144, '2020-10-02', '16', '0', 136, '2020-09-16 09:20:43', '2020-09-16 09:20:43'),
(145, '2020-10-02', '17', '0', 137, '2020-09-16 09:20:43', '2020-09-16 09:20:43'),
(146, '2020-10-03', '10', '0', 138, '2020-09-16 09:20:43', '2020-09-16 09:20:43'),
(147, '2020-10-03', '11', '0', 139, '2020-09-16 09:20:43', '2020-09-16 09:20:43'),
(148, '2020-10-03', '12', '0', 140, '2020-09-16 09:20:43', '2020-09-16 09:20:43'),
(149, '2020-10-03', '13', '0', 141, '2020-09-16 09:20:43', '2020-09-16 09:20:43'),
(150, '2020-10-03', '14', '0', 142, '2020-09-16 09:20:43', '2020-09-16 09:20:43'),
(151, '2020-10-03', '15', '0', 143, '2020-09-16 09:20:43', '2020-09-16 09:20:43'),
(152, '2020-10-03', '16', '0', 144, '2020-09-16 09:20:43', '2020-09-16 09:20:43'),
(153, '2020-10-03', '17', '0', 145, '2020-09-16 09:20:43', '2020-09-16 09:20:43'),
(154, '2020-10-04', '10', '0', 146, '2020-09-16 09:20:43', '2020-09-16 09:20:43'),
(155, '2020-10-04', '11', '0', 147, '2020-09-16 09:20:43', '2020-09-16 09:20:43'),
(156, '2020-10-04', '12', '0', 148, '2020-09-16 09:20:43', '2020-09-16 09:20:43'),
(157, '2020-10-04', '13', '0', 149, '2020-09-16 09:20:43', '2020-09-16 09:20:43'),
(158, '2020-10-04', '14', '0', 150, '2020-09-16 09:20:43', '2020-09-16 09:20:43'),
(159, '2020-10-04', '15', '0', 151, '2020-09-16 09:20:43', '2020-09-16 09:20:43'),
(160, '2020-10-04', '16', '0', 152, '2020-09-16 09:20:43', '2020-09-16 09:20:43'),
(161, '2020-10-04', '17', '0', 153, '2020-09-16 09:20:43', '2020-09-16 09:20:43'),
(162, '2020-10-05', '10', '0', 154, '2020-09-16 09:20:43', '2020-09-16 09:20:43'),
(163, '2020-10-05', '11', '0', 155, '2020-09-16 09:20:43', '2020-09-16 09:20:43'),
(164, '2020-10-05', '12', '0', 156, '2020-09-16 09:20:43', '2020-09-16 09:20:43'),
(165, '2020-10-05', '13', '0', 157, '2020-09-16 09:20:44', '2020-09-16 09:20:44'),
(166, '2020-10-05', '14', '0', 158, '2020-09-16 09:20:44', '2020-09-16 09:20:44'),
(167, '2020-10-05', '15', '0', 159, '2020-09-16 09:20:44', '2020-09-16 09:20:44'),
(168, '2020-10-05', '16', '0', 160, '2020-09-16 09:20:44', '2020-09-16 09:20:44'),
(169, '2020-10-05', '17', '0', 161, '2020-09-16 09:20:44', '2020-09-16 09:20:44'),
(170, '2020-10-06', '10', '0', 162, '2020-09-16 09:20:44', '2020-09-16 09:20:44'),
(171, '2020-10-06', '11', '0', 163, '2020-09-16 09:20:44', '2020-09-16 09:20:44'),
(172, '2020-10-06', '12', '0', 164, '2020-09-16 09:20:44', '2020-09-16 09:20:44'),
(173, '2020-10-06', '13', '0', 165, '2020-09-16 09:20:44', '2020-09-16 09:20:44'),
(174, '2020-10-06', '14', '0', 166, '2020-09-16 09:20:44', '2020-09-16 09:20:44'),
(175, '2020-10-06', '15', '0', 167, '2020-09-16 09:20:44', '2020-09-16 09:20:44'),
(176, '2020-10-06', '16', '0', 168, '2020-09-16 09:20:44', '2020-09-16 09:20:44'),
(177, '2020-10-06', '17', '0', 169, '2020-09-16 09:20:44', '2020-09-16 09:20:44'),
(178, '2020-10-07', '10', '0', 170, '2020-09-16 09:20:44', '2020-09-16 09:20:44'),
(179, '2020-10-07', '11', '0', 171, '2020-09-16 09:20:44', '2020-09-16 09:20:44'),
(180, '2020-10-07', '12', '0', 172, '2020-09-16 09:20:44', '2020-09-16 09:20:44'),
(181, '2020-10-07', '13', '0', 173, '2020-09-16 09:20:44', '2020-09-16 09:20:44'),
(182, '2020-10-07', '14', '0', 174, '2020-09-16 09:20:44', '2020-09-16 09:20:44'),
(183, '2020-10-07', '15', '0', 175, '2020-09-16 09:20:44', '2020-09-16 09:20:44'),
(184, '2020-10-07', '16', '0', 176, '2020-09-16 09:20:44', '2020-09-16 09:20:44'),
(185, '2020-10-07', '17', '0', 177, '2020-09-16 09:20:44', '2020-09-16 09:20:44'),
(186, '2020-10-08', '10', '0', 178, '2020-09-16 09:20:44', '2020-09-16 09:20:44'),
(187, '2020-10-08', '11', '0', 179, '2020-09-16 09:20:44', '2020-09-16 09:20:44'),
(188, '2020-10-08', '12', '0', 180, '2020-09-16 09:20:44', '2020-09-16 09:20:44'),
(189, '2020-10-08', '13', '0', 181, '2020-09-16 09:20:44', '2020-09-16 09:20:44'),
(190, '2020-10-08', '14', '0', 182, '2020-09-16 09:20:44', '2020-09-16 09:20:44'),
(191, '2020-10-08', '15', '0', 183, '2020-09-16 09:20:44', '2020-09-16 09:20:44'),
(192, '2020-10-08', '16', '0', 184, '2020-09-16 09:20:44', '2020-09-16 09:20:44'),
(193, '2020-10-08', '17', '0', 185, '2020-09-16 09:20:44', '2020-09-16 09:20:44'),
(194, '2020-10-09', '10', '0', 186, '2020-09-16 09:20:44', '2020-09-16 09:20:44'),
(195, '2020-10-09', '11', '0', 187, '2020-09-16 09:20:44', '2020-09-16 09:20:44'),
(196, '2020-10-09', '12', '0', 188, '2020-09-16 09:20:44', '2020-09-16 09:20:44'),
(197, '2020-10-09', '13', '0', 189, '2020-09-16 09:20:44', '2020-09-16 09:20:44'),
(198, '2020-10-09', '14', '0', 190, '2020-09-16 09:20:45', '2020-09-16 09:20:45'),
(199, '2020-10-09', '15', '0', 191, '2020-09-16 09:20:45', '2020-09-16 09:20:45'),
(200, '2020-10-09', '16', '0', 192, '2020-09-16 09:20:45', '2020-09-16 09:20:45'),
(201, '2020-10-09', '17', '0', 193, '2020-09-16 09:20:45', '2020-09-16 09:20:45'),
(202, '2020-10-10', '10', '0', 194, '2020-09-16 09:20:45', '2020-09-16 09:20:45'),
(203, '2020-10-10', '11', '0', 195, '2020-09-16 09:20:45', '2020-09-16 09:20:45'),
(204, '2020-10-10', '12', '0', 196, '2020-09-16 09:20:45', '2020-09-16 09:20:45'),
(205, '2020-10-10', '13', '0', 197, '2020-09-16 09:20:45', '2020-09-16 09:20:45'),
(206, '2020-10-10', '14', '0', 198, '2020-09-16 09:20:45', '2020-09-16 09:20:45'),
(207, '2020-10-10', '15', '0', 199, '2020-09-16 09:20:45', '2020-09-16 09:20:45'),
(208, '2020-10-10', '16', '0', 200, '2020-09-16 09:20:45', '2020-09-16 09:20:45'),
(209, '2020-10-10', '17', '0', 201, '2020-09-16 09:20:45', '2020-09-16 09:20:45');

-- --------------------------------------------------------

--
-- Structure de la table `consultations`
--

CREATE TABLE `consultations` (
  `id` bigint(20) UNSIGNED NOT NULL,
  `date_consultation` date NOT NULL,
  `diagnostic` mediumtext COLLATE utf8mb4_unicode_ci NOT NULL,
  `id_patient` bigint(20) UNSIGNED NOT NULL,
  `created_at` timestamp NULL DEFAULT NULL,
  `updated_at` timestamp NULL DEFAULT NULL
) ENGINE=InnoDB DEFAULT CHARSET=utf8mb4 COLLATE=utf8mb4_unicode_ci;

--
-- Déchargement des données de la table `consultations`
--

INSERT INTO `consultations` (`id`, `date_consultation`, `diagnostic`, `id_patient`, `created_at`, `updated_at`) VALUES
(1, '2020-09-10', 'In on announcing if of comparison pianoforte projection. Maids hoped gay yet bed asked blind dried point. On abroad danger likely regret twenty edward do. Too horrible consider followed may differed age. An rest if more five mr of. Age just her rank met down way. Attended required so in cheerful an. Domestic replying she resolved him for did. Rather in lasted no within no.', 3, '2020-09-10 09:17:23', '2020-09-10 09:52:15'),
(212, '2020-09-16', 'Autem voluptatem mollitia laborum deleniti expedita accusamus aut. Deleniti exercitationem incidunt ut et fugit omnis id. Amet nihil officia pariatur alias.', 2, '2020-09-16 09:34:58', '2020-09-16 09:34:58'),
(213, '2020-09-16', 'Esse sed sed illo at. Veniam qui illo maxime exercitationem. Ea dolor possimus amet consequatur.', 3, '2020-09-16 09:34:58', '2020-09-16 09:34:58'),
(214, '2020-09-16', 'Ipsam tenetur est omnis amet dolor quia. Magni sapiente quam quo voluptatem. Rerum dolorem et voluptatibus nemo ducimus amet.', 4, '2020-09-16 09:34:58', '2020-09-16 09:34:58'),
(215, '2020-09-16', 'Quae alias sit enim molestiae optio asperiores. Reiciendis natus dolore provident nihil earum quia. Quis ea ullam non et pariatur ratione qui. Dolorem repellat autem quas.', 5, '2020-09-16 09:34:58', '2020-09-16 09:34:58'),
(216, '2020-09-16', 'Voluptatibus voluptas laudantium illum officiis molestiae. Cupiditate dicta sint et fuga unde ab. Et quia eum ut eaque eligendi quia. Laboriosam dolore rem velit eveniet dolores enim eaque.', 6, '2020-09-16 09:34:58', '2020-09-16 09:34:58'),
(217, '2020-09-16', 'Distinctio similique consequatur recusandae incidunt et animi sit. Impedit aut error quibusdam saepe. Consectetur doloremque molestiae in ut perspiciatis voluptas asperiores quia. Cupiditate qui repellat ab ut harum rem sunt vero. Unde natus quo molestias voluptatem laudantium quasi.', 7, '2020-09-16 09:34:58', '2020-09-16 09:34:58'),
(218, '2020-09-16', 'Expedita tempora iste ut. Reprehenderit aliquam voluptatem animi quia aperiam exercitationem. Ea et et quia eos eum nostrum officia iusto. Adipisci dolorem cum aut possimus provident.', 8, '2020-09-16 09:34:58', '2020-09-16 09:34:58'),
(219, '2020-09-16', 'Occaecati soluta rerum totam ipsum quasi assumenda qui repellendus. Dignissimos natus aut ab sed consequatur. Similique aspernatur nostrum soluta doloribus. Sed sunt est esse voluptatem pariatur eveniet et.', 9, '2020-09-16 09:34:58', '2020-09-16 09:34:58'),
(220, '2020-09-17', 'Delectus at sapiente voluptatum minima et aut maxime. Eius laborum voluptas provident recusandae. Ut est ut perferendis vero debitis.', 10, '2020-09-16 09:34:58', '2020-09-16 09:34:58'),
(221, '2020-09-17', 'Sapiente autem sit numquam in nihil. Iusto nam alias fuga aut. Officia aperiam ipsa similique ea sit sit nisi possimus. Odit at molestiae quis blanditiis repellendus ut qui.', 11, '2020-09-16 09:34:58', '2020-09-16 09:34:58'),
(222, '2020-09-17', 'Qui exercitationem culpa accusamus perspiciatis sint. Temporibus dolores in rem nam tempore. Autem blanditiis pariatur omnis quo. Quisquam voluptatem laborum laboriosam perferendis sit necessitatibus beatae necessitatibus.', 12, '2020-09-16 09:34:58', '2020-09-16 09:34:58'),
(223, '2020-09-17', 'Omnis sapiente mollitia dolores ut officia aut ullam. Quia explicabo et voluptatem. Quam iste a enim odio ipsum consequatur adipisci. Tenetur aut quo tempora vitae similique.', 13, '2020-09-16 09:34:58', '2020-09-16 09:34:58'),
(224, '2020-09-17', 'Qui ea aliquam qui ut delectus. Et voluptatem qui quae molestias impedit. Autem magni est minus et perferendis. Asperiores sed repellendus sapiente id veniam et.', 14, '2020-09-16 09:34:58', '2020-09-16 09:34:58'),
(225, '2020-09-17', 'Dicta eveniet cumque laboriosam asperiores molestiae atque provident. Est voluptatem quia et. Sed corrupti et consectetur dolores natus animi rerum.', 15, '2020-09-16 09:34:58', '2020-09-16 09:34:58'),
(226, '2020-09-17', 'Enim saepe accusantium omnis repellendus molestiae. Consequuntur id vero maxime amet expedita id. Recusandae ipsa pariatur magnam corrupti nisi enim eius.', 16, '2020-09-16 09:34:58', '2020-09-16 09:34:58'),
(227, '2020-09-17', 'Enim occaecati aspernatur quo nihil suscipit repudiandae est. Dolores sed necessitatibus quas eaque est vero voluptatem maxime. Magnam architecto reiciendis enim similique.', 17, '2020-09-16 09:34:58', '2020-09-16 09:34:58'),
(228, '2020-09-18', 'Vero incidunt et delectus earum. Fugiat et eius quaerat sed omnis pariatur deserunt. Odit laboriosam quia eos veniam aut. Voluptas vel quia ut voluptatem sint.', 18, '2020-09-16 09:34:58', '2020-09-16 09:34:58'),
(229, '2020-09-18', 'Qui exercitationem quidem sit et harum voluptates. Et voluptate tempora assumenda explicabo velit. Veniam distinctio sint consequatur id sint molestiae. Nostrum laborum dolores autem in est consequuntur et culpa.', 19, '2020-09-16 09:34:59', '2020-09-16 09:34:59'),
(230, '2020-09-18', 'Perspiciatis excepturi amet voluptatem. Et velit qui quos iste similique dignissimos. Adipisci vitae ut explicabo.', 20, '2020-09-16 09:34:59', '2020-09-16 09:34:59'),
(231, '2020-09-18', 'Aut quo laudantium reiciendis qui. Nihil eos beatae consectetur ullam odio atque. Aut ut sequi voluptatem ad.', 21, '2020-09-16 09:34:59', '2020-09-16 09:34:59'),
(232, '2020-09-18', 'Omnis excepturi et tempora animi sed magni quae. Est fuga neque asperiores porro ex occaecati. Magnam molestiae quidem aliquid inventore.', 22, '2020-09-16 09:34:59', '2020-09-16 09:34:59'),
(233, '2020-09-18', 'Unde dolorem dolorem occaecati impedit ea architecto. Qui modi sit nisi doloremque quo excepturi id cum. Nulla sed non voluptatem. Omnis id accusantium ut enim quas.', 23, '2020-09-16 09:34:59', '2020-09-16 09:34:59'),
(234, '2020-09-18', 'Odio quae error et asperiores ut. Laudantium enim a at. Consectetur et quisquam id natus.', 24, '2020-09-16 09:34:59', '2020-09-16 09:34:59'),
(235, '2020-09-18', 'Est necessitatibus cupiditate nemo vero esse maxime. Quia ratione ratione a enim. Inventore placeat deleniti ab hic voluptate.', 25, '2020-09-16 09:34:59', '2020-09-16 09:34:59'),
(236, '2020-09-19', 'Consequatur aliquid et ex. Explicabo vero saepe sequi quia et consequatur saepe ab. Consequuntur fugit dolores in impedit facilis.', 26, '2020-09-16 09:34:59', '2020-09-16 09:34:59'),
(237, '2020-09-19', 'Quam recusandae dolor quidem quia amet voluptate. Aut neque animi aliquid voluptatem distinctio qui perspiciatis. Aut aut quos error consequuntur rerum in quibusdam.', 27, '2020-09-16 09:34:59', '2020-09-16 09:34:59'),
(238, '2020-09-19', 'Temporibus necessitatibus iure corporis officia voluptatem repellendus eius. Sunt sapiente inventore perspiciatis eum recusandae est enim. Ducimus qui numquam et adipisci placeat nam provident. Natus sequi corporis assumenda.', 28, '2020-09-16 09:34:59', '2020-09-16 09:34:59'),
(239, '2020-09-19', 'Incidunt animi magni vel est adipisci doloremque. Velit rerum sit molestiae est a vel. Quas est est maxime autem voluptatibus.', 29, '2020-09-16 09:34:59', '2020-09-16 09:34:59'),
(240, '2020-09-19', 'Architecto culpa et voluptas quod repellendus provident atque. Cumque similique in voluptates quo accusamus reiciendis earum consequatur. Ipsa atque vitae aut et omnis non aut. Error quia explicabo consequatur sed aperiam aliquam non.', 30, '2020-09-16 09:34:59', '2020-09-16 09:34:59'),
(241, '2020-09-19', 'Hic ducimus sit rerum vitae. Iste saepe veritatis corrupti mollitia. Beatae voluptas consequatur et exercitationem nemo mollitia.', 31, '2020-09-16 09:34:59', '2020-09-16 09:34:59'),
(242, '2020-09-19', 'Repellat dolorem ipsum alias dolores. Maxime cum sed omnis et doloribus. Dolore cum animi culpa et.', 32, '2020-09-16 09:34:59', '2020-09-16 09:34:59'),
(243, '2020-09-19', 'Cupiditate dicta inventore voluptatum fuga quis ipsam inventore. Ut ab temporibus iusto alias repudiandae possimus ut non.', 33, '2020-09-16 09:34:59', '2020-09-16 09:34:59'),
(244, '2020-09-20', 'Voluptas ipsa eos aspernatur nemo quaerat commodi quo iusto. Laboriosam aperiam ut nam laborum. Accusamus qui omnis molestiae in temporibus rerum recusandae. Eius delectus suscipit saepe nesciunt.', 34, '2020-09-16 09:34:59', '2020-09-16 09:34:59'),
(245, '2020-09-20', 'Veniam est suscipit distinctio odio debitis. Suscipit id et consectetur nesciunt blanditiis. Quod culpa eos saepe vero sunt ut.', 35, '2020-09-16 09:34:59', '2020-09-16 09:34:59'),
(246, '2020-09-20', 'Perferendis cupiditate nisi et. Maiores qui laboriosam saepe ea voluptate et. Qui dolore iure sed ipsa est. Omnis facilis fugiat ea assumenda mollitia laudantium.', 36, '2020-09-16 09:34:59', '2020-09-16 09:34:59'),
(247, '2020-09-20', 'Molestiae quos itaque et facilis voluptatem eos. Eum vero nisi sed qui modi sed quia eos. Impedit qui possimus modi animi hic. Ea est minima repudiandae voluptatem amet suscipit dolore.', 37, '2020-09-16 09:34:59', '2020-09-16 09:34:59'),
(248, '2020-09-20', 'Magnam architecto doloribus adipisci. Mollitia fugit consectetur sint earum dolor. Reiciendis ad maiores ut ab voluptatem numquam.', 38, '2020-09-16 09:34:59', '2020-09-16 09:34:59'),
(249, '2020-09-20', 'Nisi cupiditate pariatur velit et. Voluptatem adipisci nam rerum nesciunt voluptatem. Voluptatibus sint qui aut maiores voluptatem in.', 39, '2020-09-16 09:34:59', '2020-09-16 09:34:59'),
(250, '2020-09-20', 'Debitis minus illum ea unde. Ratione praesentium sed dolores doloremque quis voluptates. Libero sed veritatis exercitationem aliquam.', 40, '2020-09-16 09:34:59', '2020-09-16 09:34:59'),
(251, '2020-09-20', 'Consequuntur veritatis optio ut tempora. Voluptates natus suscipit consequuntur sit. Id sed mollitia qui animi accusantium laborum quae.', 41, '2020-09-16 09:34:59', '2020-09-16 09:34:59'),
(252, '2020-09-21', 'Hic odio sed dolor autem animi non maxime. Dolorem laboriosam doloribus qui. Consectetur est eos ipsam suscipit dolore.', 42, '2020-09-16 09:34:59', '2020-09-16 09:34:59'),
(253, '2020-09-21', 'Quidem sint numquam velit voluptates delectus nihil. Sint velit aut aut quae enim dolorem neque eos. Quidem fugiat iure dolore expedita. Eum maxime neque nam maxime natus perferendis voluptas.', 43, '2020-09-16 09:34:59', '2020-09-16 09:34:59'),
(254, '2020-09-21', 'Eum eos necessitatibus sit aut. Voluptatem consequatur nesciunt deserunt dolores iusto quibusdam. Blanditiis quibusdam ab illo sit ea sunt ullam. Numquam reprehenderit voluptatibus voluptates aut.', 44, '2020-09-16 09:34:59', '2020-09-16 09:34:59'),
(255, '2020-09-21', 'Culpa illo molestiae natus magnam. Quo at odio cum quam sunt nihil voluptate. Suscipit quis iste quasi beatae quo. Ratione excepturi id sint minima est totam.', 45, '2020-09-16 09:34:59', '2020-09-16 09:34:59'),
(256, '2020-09-21', 'Accusamus dolorum delectus libero. Vitae illo eum consequuntur et pariatur nihil odit. Autem est quam aut tenetur aut accusantium optio enim. Et impedit debitis ut.', 46, '2020-09-16 09:34:59', '2020-09-16 09:34:59'),
(257, '2020-09-21', 'Magni at blanditiis in qui libero eius. Illo et veritatis doloribus voluptas nihil aut. Quas atque vero ex corporis consequatur ab non.', 47, '2020-09-16 09:34:59', '2020-09-16 09:34:59'),
(258, '2020-09-21', 'Deserunt ipsa libero rerum rerum omnis aut illum sunt. Ut expedita nulla voluptatem omnis corrupti voluptate. Numquam necessitatibus neque nulla autem molestiae cupiditate laborum ut. Accusantium qui qui voluptatibus.', 48, '2020-09-16 09:34:59', '2020-09-16 09:34:59'),
(259, '2020-09-21', 'Nihil tenetur ut rerum voluptatem voluptate doloribus autem. Est unde consectetur soluta voluptas sequi quia. Et sed distinctio quaerat similique maiores quae quo.', 49, '2020-09-16 09:34:59', '2020-09-16 09:34:59'),
(260, '2020-09-22', 'Consectetur fugiat vel a. Possimus deleniti omnis est non. Id accusamus odit esse.', 50, '2020-09-16 09:34:59', '2020-09-16 09:34:59'),
(261, '2020-09-22', 'In illum eligendi odio illo magni qui sunt. Illum et accusantium labore cupiditate vel ut. Occaecati consectetur quas voluptatum eveniet fuga iure.', 51, '2020-09-16 09:34:59', '2020-09-16 09:34:59'),
(262, '2020-09-22', 'Autem deleniti quidem voluptas eos pariatur est sit. Est magnam dolores porro fugiat quae. Amet repudiandae quia eligendi ad sit aliquid. Deserunt aut aliquam magnam ad.', 52, '2020-09-16 09:34:59', '2020-09-16 09:34:59'),
(263, '2020-09-22', 'Deleniti quis quam aut esse quia quo animi. Ipsam similique distinctio cum molestiae voluptatem dolorum. Illo sed sequi non.', 53, '2020-09-16 09:34:59', '2020-09-16 09:34:59'),
(264, '2020-09-22', 'Laudantium perferendis consequuntur voluptatum perferendis deleniti. Consequatur sed et qui aut non quia alias. Quis et maiores consectetur et veniam tenetur.', 54, '2020-09-16 09:34:59', '2020-09-16 09:34:59'),
(265, '2020-09-22', 'Ad eum eum enim enim voluptatum. Architecto ipsum ut non eum totam blanditiis. Id voluptates quia ut maiores. Omnis autem voluptatem labore.', 55, '2020-09-16 09:34:59', '2020-09-16 09:34:59'),
(266, '2020-09-22', 'Voluptas neque voluptatem consequatur omnis et consequatur atque. Ut labore voluptatibus sunt dolor eos voluptatem. Amet nam dolorem enim sunt. Dolor est qui non aut assumenda voluptates temporibus.', 56, '2020-09-16 09:35:00', '2020-09-16 09:35:00'),
(267, '2020-09-22', 'Nam nisi suscipit rerum quas quod hic quia. Soluta est voluptas consequuntur dolorem quisquam cumque eos. Aut consequatur culpa similique blanditiis earum. Eos voluptas vel dolor dicta.', 57, '2020-09-16 09:35:00', '2020-09-16 09:35:00'),
(268, '2020-09-23', 'Doloremque deleniti perspiciatis eos soluta provident. Cumque nobis molestias et consequatur est aliquam repudiandae voluptatem. Facere eos aliquam quasi nulla. Voluptatibus voluptas porro atque inventore explicabo cum dolore.', 58, '2020-09-16 09:35:00', '2020-09-16 09:35:00'),
(269, '2020-09-23', 'A et placeat officiis illum. Rerum nobis impedit eos pariatur. Ex eaque aut voluptatibus temporibus.', 59, '2020-09-16 09:35:00', '2020-09-16 09:35:00'),
(270, '2020-09-23', 'Vel nulla unde culpa ipsa dolor omnis. Qui sapiente alias omnis libero sit voluptatibus delectus sunt. Eum voluptas reiciendis nihil ut.', 60, '2020-09-16 09:35:00', '2020-09-16 09:35:00'),
(271, '2020-09-23', 'Est est doloremque explicabo nihil. Aut culpa sit aut veritatis ut. Placeat harum nisi veniam eaque. Tenetur est facere quia assumenda et eveniet.', 61, '2020-09-16 09:35:00', '2020-09-16 09:35:00'),
(272, '2020-09-23', 'Alias laudantium blanditiis cum animi velit quas. Nihil distinctio dolore facilis. Placeat quo eos veniam nulla aut incidunt iusto aut.', 62, '2020-09-16 09:35:00', '2020-09-16 09:35:00'),
(273, '2020-09-23', 'Et rerum omnis qui deserunt ut. Inventore suscipit facilis et modi aliquid. Voluptatem vitae facilis aliquam amet velit perspiciatis voluptates.', 63, '2020-09-16 09:35:00', '2020-09-16 09:35:00'),
(274, '2020-09-23', 'Saepe autem deserunt provident laboriosam facilis doloremque. Necessitatibus voluptas vero quo magnam itaque veniam. Dicta culpa quo quo vitae blanditiis. Aut officia quaerat deserunt quidem porro sit.', 64, '2020-09-16 09:35:00', '2020-09-16 09:35:00'),
(275, '2020-09-23', 'Non consequatur nisi accusamus earum blanditiis est mollitia. Nisi cupiditate et accusamus beatae.', 65, '2020-09-16 09:35:00', '2020-09-16 09:35:00'),
(276, '2020-09-24', 'Consequatur rerum minima ea est qui. Incidunt aliquid deleniti sed ut earum temporibus.', 66, '2020-09-16 09:35:00', '2020-09-16 09:35:00'),
(277, '2020-09-24', 'Libero quos consequatur vitae iusto rem. Reiciendis provident earum culpa qui consequatur cum eum. Consequuntur vero repellendus nulla exercitationem debitis dicta culpa.', 67, '2020-09-16 09:35:00', '2020-09-16 09:35:00'),
(278, '2020-09-24', 'Similique eius aliquam voluptas iure doloremque. Vel sed explicabo inventore dolorem consequatur quis qui. Voluptatem ut nesciunt non dolor minus fugiat possimus. Nemo rerum sit nesciunt enim aperiam autem.', 68, '2020-09-16 09:35:00', '2020-09-16 09:35:00'),
(279, '2020-09-24', 'Maxime quaerat adipisci perspiciatis id molestiae. Minus error natus repellat quo. Est porro nostrum magni autem.', 69, '2020-09-16 09:35:00', '2020-09-16 09:35:00'),
(280, '2020-09-24', 'Est maiores autem cupiditate. Iure asperiores aut eaque mollitia nam quo. Debitis eligendi deleniti in eos blanditiis in laborum quia.', 70, '2020-09-16 09:35:00', '2020-09-16 09:35:00'),
(281, '2020-09-24', 'Esse officia aliquam aut quia illo optio. Unde a sit magni dignissimos repellendus qui. Quo vero qui architecto tenetur.', 71, '2020-09-16 09:35:00', '2020-09-16 09:35:00'),
(282, '2020-09-24', 'Assumenda eligendi et ipsam ut sunt cupiditate dolorem. Sint incidunt sit quaerat et tenetur. Voluptatem dolorum qui quis exercitationem.', 72, '2020-09-16 09:35:00', '2020-09-16 09:35:00'),
(283, '2020-09-24', 'Quis veritatis aut aut inventore enim. Porro corrupti assumenda sed. Ut quia consequuntur rerum dolorem et veritatis soluta enim. Ipsam magni minus labore cum excepturi veritatis. Qui sed ipsam officiis ut et.', 73, '2020-09-16 09:35:00', '2020-09-16 09:35:00'),
(284, '2020-09-25', 'Autem id vero praesentium qui voluptatum. Eaque et est minus voluptatibus doloremque. Corrupti dolor repellat numquam amet cumque. Qui laudantium voluptate odit tempora impedit pariatur sit eum.', 74, '2020-09-16 09:35:00', '2020-09-16 09:35:00'),
(285, '2020-09-25', 'Quisquam quod laboriosam ea debitis dolore. Aut quidem ea soluta voluptas dicta dolorem consectetur. Necessitatibus natus enim iure quia quo.', 75, '2020-09-16 09:35:00', '2020-09-16 09:35:00'),
(286, '2020-09-25', 'Iste laborum omnis sequi qui consequatur. Maiores corporis aut nulla. Incidunt veniam enim sit voluptas earum. Et et expedita tenetur architecto voluptatem alias.', 76, '2020-09-16 09:35:00', '2020-09-16 09:35:00'),
(287, '2020-09-25', 'Quasi sit qui qui labore eos unde sit. Et nulla numquam ducimus qui.', 77, '2020-09-16 09:35:00', '2020-09-16 09:35:00'),
(288, '2020-09-25', 'Vel sapiente veritatis natus nostrum tempora dicta. Nobis iste aut iste nostrum neque. Mollitia consequuntur ad ullam voluptatem qui molestiae quia. Odit autem quisquam ad magni laboriosam ut voluptatibus.', 78, '2020-09-16 09:35:00', '2020-09-16 09:35:00'),
(289, '2020-09-25', 'Ut pariatur ut commodi. Ratione molestiae sed et est. Eos enim blanditiis dolores quibusdam voluptatem. Distinctio eligendi excepturi fugit.', 79, '2020-09-16 09:35:00', '2020-09-16 09:35:00'),
(290, '2020-09-25', 'Molestiae et accusantium at voluptatum iure aut. Sed consequatur ullam et veritatis dolor aut id consectetur. Nam cupiditate necessitatibus eaque veritatis omnis eum quidem voluptate. Quod veritatis praesentium ut molestiae aliquam. Quis voluptates similique velit dolorem at.', 80, '2020-09-16 09:35:00', '2020-09-16 09:35:00'),
(291, '2020-09-25', 'Quam animi sed reiciendis facilis non. Unde quam non dolorem autem sit repudiandae quis. Minus et saepe et blanditiis eum eaque tempora et. Animi perferendis natus iusto voluptatem et.', 81, '2020-09-16 09:35:00', '2020-09-16 09:35:00'),
(292, '2020-09-26', 'Ducimus et et voluptatem. Laudantium qui nemo quis debitis temporibus nihil. Vel nihil dolore cum molestias sint.', 82, '2020-09-16 09:35:00', '2020-09-16 09:35:00'),
(293, '2020-09-26', 'Rem maiores ut consequuntur earum eum exercitationem. Sed necessitatibus ex consequuntur voluptas aut. Ea totam vel dolor sint.', 83, '2020-09-16 09:35:00', '2020-09-16 09:35:00'),
(294, '2020-09-26', 'Minus laborum quibusdam iusto dolore aliquam molestiae debitis. Voluptate asperiores incidunt iste consequatur. Rerum temporibus accusamus doloremque eos. Facilis cumque iste consectetur eum modi modi.', 84, '2020-09-16 09:35:00', '2020-09-16 09:35:00'),
(295, '2020-09-26', 'Quia libero sit ipsam vel. Quia nisi voluptate et ex molestias unde. Asperiores ut vitae eligendi rerum ut aut velit.', 85, '2020-09-16 09:35:00', '2020-09-16 09:35:00'),
(296, '2020-09-26', 'Temporibus ea vitae non sit ex ducimus saepe. Quia voluptatem delectus autem voluptatem nihil. Non qui similique beatae incidunt eum est.', 86, '2020-09-16 09:35:00', '2020-09-16 09:35:00'),
(297, '2020-09-26', 'Inventore maxime assumenda omnis libero enim voluptatem. Rem eaque est consequuntur eligendi velit et adipisci ut. Cumque qui cumque eos corrupti quo dolores.', 87, '2020-09-16 09:35:00', '2020-09-16 09:35:00'),
(298, '2020-09-26', 'Laboriosam distinctio provident quo beatae qui eaque temporibus. Consequatur ut similique dolores labore est quas. Eos dicta sed maiores necessitatibus ipsa ipsa corporis.', 88, '2020-09-16 09:35:00', '2020-09-16 09:35:00'),
(299, '2020-09-26', 'In asperiores eum sunt quia consequuntur aperiam. Odit non aut saepe non quia. Dolorum harum neque dolore distinctio consequuntur quaerat provident.', 89, '2020-09-16 09:35:01', '2020-09-16 09:35:01'),
(300, '2020-09-27', 'Iure adipisci rerum nostrum dolorum nemo. Perferendis et occaecati ut exercitationem aut odio. Ut doloremque ea consequatur optio et quo.', 90, '2020-09-16 09:35:01', '2020-09-16 09:35:01'),
(301, '2020-09-27', 'Minus officia molestiae eum iste excepturi facere. Tempora incidunt quia eaque quisquam eos consequuntur. Adipisci vel tempore repellat.', 91, '2020-09-16 09:35:01', '2020-09-16 09:35:01'),
(302, '2020-09-27', 'Nobis eum nobis eius quasi. Commodi occaecati laboriosam vitae. Omnis voluptatem saepe dolor aspernatur doloremque.', 92, '2020-09-16 09:35:01', '2020-09-16 09:35:01'),
(303, '2020-09-27', 'Natus perferendis id et nostrum quis necessitatibus aspernatur. Magni quasi quisquam totam sunt.', 93, '2020-09-16 09:35:01', '2020-09-16 09:35:01'),
(304, '2020-09-27', 'Labore et commodi tempore ipsa nam doloremque ratione commodi. Nulla quia necessitatibus pariatur et et. Aut et aliquid nihil nihil. Voluptas vitae atque eum nihil fugit.', 94, '2020-09-16 09:35:01', '2020-09-16 09:35:01'),
(305, '2020-09-27', 'Quaerat non molestiae tempore qui et. Voluptatem corrupti quo molestias in adipisci tempora cumque. Necessitatibus qui et ea doloribus quis unde. At assumenda autem tempora deleniti.', 95, '2020-09-16 09:35:01', '2020-09-16 09:35:01'),
(306, '2020-09-27', 'Autem porro accusamus doloribus quaerat sed. Dolor distinctio veniam ea iure deleniti. Numquam molestiae voluptatem beatae excepturi.', 96, '2020-09-16 09:35:01', '2020-09-16 09:35:01'),
(307, '2020-09-27', 'Quaerat qui dignissimos quis. Aut qui tempora impedit magnam tempore totam magni. Beatae hic fugit libero omnis sit voluptatum hic.', 97, '2020-09-16 09:35:01', '2020-09-16 09:35:01'),
(308, '2020-09-28', 'Doloribus sunt asperiores deleniti et consectetur commodi odio. Dignissimos quam molestias soluta voluptatem esse nostrum quisquam.', 98, '2020-09-16 09:35:01', '2020-09-16 09:35:01'),
(309, '2020-09-28', 'Dolores deleniti et eaque in neque voluptate commodi nihil. Qui reiciendis ea quis harum quibusdam porro. Quibusdam quisquam voluptatum inventore molestias necessitatibus facilis id sint. Occaecati voluptates occaecati placeat in maiores.', 99, '2020-09-16 09:35:01', '2020-09-16 09:35:01'),
(310, '2020-09-28', 'Nihil dolorem quis suscipit qui sed delectus in omnis. Maiores voluptatibus et harum consectetur enim. Dolorem saepe accusantium aut.', 100, '2020-09-16 09:35:01', '2020-09-16 09:35:01'),
(311, '2020-09-28', 'Modi debitis et quam autem praesentium ea. Id quasi dolorem dolor doloribus provident. Atque veritatis expedita qui accusantium odio quas excepturi. Voluptas ut sed voluptas.', 101, '2020-09-16 09:35:01', '2020-09-16 09:35:01'),
(312, '2020-09-28', 'Libero aliquam reprehenderit alias et. Deserunt cum quam soluta est. Magni dolorem enim qui est. Quod cupiditate sunt tempore delectus et corrupti.', 102, '2020-09-16 09:35:01', '2020-09-16 09:35:01'),
(313, '2020-09-28', 'Soluta reiciendis excepturi qui aut alias sit. Consequatur sequi consequuntur ipsa repudiandae magnam in non inventore. Odio dolore quaerat aut sapiente. Provident consequatur voluptatem error aut et voluptatem reiciendis.', 103, '2020-09-16 09:35:01', '2020-09-16 09:35:01'),
(314, '2020-09-28', 'Quia praesentium placeat fuga voluptatum rerum alias. Sit sit officiis ipsam illum cupiditate ad ea. Pariatur eveniet ut explicabo maiores temporibus velit. Qui dolor ea distinctio perspiciatis vel. Rerum qui iusto doloremque.', 104, '2020-09-16 09:35:01', '2020-09-16 09:35:01'),
(315, '2020-09-28', 'Impedit a qui id enim reiciendis sed. Aut laudantium nisi vel vel adipisci rem. Doloremque non rerum quo.', 105, '2020-09-16 09:35:01', '2020-09-16 09:35:01'),
(316, '2020-09-29', 'Vero fugit fugit sint repudiandae ut ea. Iusto maiores ut sed qui. Magni totam nemo at consectetur possimus qui. Ut doloremque et voluptatibus voluptas deleniti. Libero debitis occaecati officia adipisci.', 106, '2020-09-16 09:35:01', '2020-09-16 09:35:01'),
(317, '2020-09-29', 'Et perferendis deserunt esse eius voluptas. Voluptate et error quis sapiente provident. Voluptas quam maxime et voluptate. Voluptatem consequatur fuga nam inventore consectetur doloribus et.', 107, '2020-09-16 09:35:01', '2020-09-16 09:35:01'),
(318, '2020-09-29', 'Et quia voluptas voluptatem dolor dolor voluptate quod neque. Delectus sed nihil consectetur molestiae laborum. Officia eligendi voluptas vel sint doloremque. Sequi odio non omnis quasi itaque architecto occaecati. Odio eos aut harum ullam.', 108, '2020-09-16 09:35:01', '2020-09-16 09:35:01'),
(319, '2020-09-29', 'Facilis animi ut necessitatibus sed voluptatem quia. Omnis enim et accusantium aspernatur unde recusandae. Dolorum quod eius amet ipsum aut quisquam blanditiis.', 109, '2020-09-16 09:35:01', '2020-09-16 09:35:01'),
(320, '2020-09-29', 'Rerum et asperiores dolorem. Nisi praesentium tempora voluptatum rem. Maxime inventore sint qui non quaerat omnis eius. Officiis quia tenetur quod iste.', 110, '2020-09-16 09:35:01', '2020-09-16 09:35:01'),
(321, '2020-09-29', 'Rerum repellendus sit facere nam cum cupiditate et. Placeat qui fuga dolorum recusandae ut autem repellat. Qui ea sit enim. Maxime ut atque voluptatibus nihil voluptas excepturi vitae.', 111, '2020-09-16 09:35:01', '2020-09-16 09:35:01'),
(322, '2020-09-29', 'Accusamus placeat eos fugit quos qui. Accusamus aperiam consequuntur est necessitatibus consequatur. Eum nihil nulla consequuntur dicta ratione. Sed mollitia facere ut perspiciatis qui dolor molestiae possimus.', 112, '2020-09-16 09:35:01', '2020-09-16 09:35:01'),
(323, '2020-09-29', 'Ut occaecati odio nostrum neque velit quisquam qui. Quo quia ut in molestiae ipsa reprehenderit ut. Deserunt est ut neque ut est saepe error. Numquam corporis ut voluptatem reprehenderit aliquam explicabo est.', 113, '2020-09-16 09:35:01', '2020-09-16 09:35:01'),
(324, '2020-09-30', 'Quibusdam tempora consequatur enim accusamus et similique. Ipsam illo voluptatem aut dolore magnam est hic et. Quia veniam amet sit necessitatibus consequatur assumenda sunt.', 114, '2020-09-16 09:35:01', '2020-09-16 09:35:01'),
(325, '2020-09-30', 'Autem qui quasi omnis qui harum doloribus. Placeat dolores delectus et autem. Dolorem autem et pariatur et nam quod qui. Veniam dolor ipsa dolores quaerat.', 115, '2020-09-16 09:35:01', '2020-09-16 09:35:01'),
(326, '2020-09-30', 'Occaecati vitae neque et et tempora. Dignissimos quod laborum quo est sunt provident commodi. Voluptate dolor non quia possimus est. Tempora harum hic aperiam asperiores reprehenderit.', 116, '2020-09-16 09:35:01', '2020-09-16 09:35:01'),
(327, '2020-09-30', 'Qui ipsam esse reiciendis et rem unde magnam. Alias ab sed et. Nesciunt laudantium ut veniam rem alias. Et sint minus nihil dicta.', 117, '2020-09-16 09:35:01', '2020-09-16 09:35:01'),
(328, '2020-09-30', 'Ex non in et distinctio. Quas voluptatum voluptate doloremque magnam illo et vel quos. Asperiores sit excepturi qui sint fugit ducimus animi. Molestias ea voluptas libero vitae in.', 118, '2020-09-16 09:35:01', '2020-09-16 09:35:01'),
(329, '2020-09-30', 'Nulla impedit id eius voluptas. Ea magni vitae perferendis. Iste sit culpa non quia et et ut vel. Earum officia et magnam aut neque dolores.', 119, '2020-09-16 09:35:02', '2020-09-16 09:35:02'),
(330, '2020-09-30', 'Et dolor voluptates sint delectus quis iure dolores. Ducimus labore vel non sit. Voluptas recusandae aut consequatur enim consequatur quis.', 120, '2020-09-16 09:35:02', '2020-09-16 09:35:02'),
(331, '2020-09-30', 'Aperiam sit provident in et et sapiente nesciunt at. Velit qui voluptatem in id qui nam. Quam et sit repudiandae delectus et. Dolore nemo dolor iusto aperiam libero aliquid et.', 121, '2020-09-16 09:35:02', '2020-09-16 09:35:02'),
(332, '2020-10-01', 'Quod corporis nostrum aperiam sequi esse. Dignissimos quis deserunt dolore libero. In voluptas nihil sapiente velit in.', 122, '2020-09-16 09:36:14', '2020-09-16 09:36:14'),
(333, '2020-10-01', 'Animi repudiandae ut quo. Quibusdam consequuntur voluptate alias voluptatum. Velit iusto officiis totam.', 123, '2020-09-16 09:36:14', '2020-09-16 09:36:14'),
(334, '2020-10-01', 'Voluptatem aut sed repellendus facilis. Accusantium fugit consequatur earum. Occaecati sed nihil deserunt cupiditate exercitationem ratione. Voluptas voluptas voluptate voluptatem velit molestiae.', 124, '2020-09-16 09:36:14', '2020-09-16 09:36:14'),
(335, '2020-10-01', 'Et numquam officia ab sapiente id. Qui est aut tenetur et.', 125, '2020-09-16 09:36:14', '2020-09-16 09:36:14'),
(336, '2020-10-01', 'Minima quo ea saepe vel aspernatur dignissimos. Consequatur deserunt eos pariatur voluptatum ex. Ratione reprehenderit soluta voluptas unde praesentium aspernatur vel.', 126, '2020-09-16 09:36:14', '2020-09-16 09:36:14'),
(337, '2020-10-01', 'Et nemo quia soluta sunt et rerum consectetur qui. Aut recusandae omnis et debitis labore repudiandae animi. Cumque hic eos quae dolorum.', 127, '2020-09-16 09:36:14', '2020-09-16 09:36:14'),
(338, '2020-10-01', 'Facilis blanditiis veritatis fuga officiis id corporis. Velit ad vitae ut repellendus enim sit non. Velit quae suscipit ut quis incidunt sed.', 128, '2020-09-16 09:36:14', '2020-09-16 09:36:14'),
(339, '2020-10-01', 'Ducimus quaerat maxime nobis omnis qui. Corporis ipsum facilis repudiandae rerum. Enim a amet quis. Dolore et nihil qui quia nesciunt nisi totam.', 129, '2020-09-16 09:36:14', '2020-09-16 09:36:14'),
(340, '2020-10-02', 'Omnis voluptas autem fugiat sint et quasi unde quis. Incidunt officiis cum exercitationem ipsa quod sunt culpa. Illum assumenda laudantium aut.', 130, '2020-09-16 09:36:14', '2020-09-16 09:36:14'),
(341, '2020-10-02', 'Dicta vel voluptas error quia. Libero unde consectetur omnis aut. Voluptates molestias consequuntur esse fuga ea laborum cumque.', 131, '2020-09-16 09:36:14', '2020-09-16 09:36:14'),
(342, '2020-10-02', 'Nesciunt numquam optio quia sed consequatur pariatur quas. Ut sunt vel commodi mollitia sed sed. Accusamus sint ut non cupiditate aut possimus animi.', 132, '2020-09-16 09:36:14', '2020-09-16 09:36:14'),
(343, '2020-10-02', 'Porro deleniti saepe aut error corrupti similique. Illo qui at quo praesentium eos sed. Libero sint doloribus qui tempore. Eos iure quasi itaque consectetur. Iure cumque at perferendis nihil omnis et.', 133, '2020-09-16 09:36:14', '2020-09-16 09:36:14'),
(344, '2020-10-02', 'Dolor aut explicabo ut aliquam magni quis beatae. Expedita provident minus accusantium est ut delectus quas. Magnam laudantium nobis odio reprehenderit. Voluptas dicta voluptatem fuga hic.', 134, '2020-09-16 09:36:14', '2020-09-16 09:36:14'),
(345, '2020-10-02', 'Voluptatum itaque praesentium ipsam veritatis possimus nam. Molestias reiciendis et necessitatibus quo. Ut veniam corporis beatae expedita tempore sed. In voluptate incidunt iure sit tempora magnam ut.', 135, '2020-09-16 09:36:14', '2020-09-16 09:36:14'),
(346, '2020-10-02', 'Laboriosam inventore voluptas ut. Et accusamus qui asperiores incidunt et et. Voluptatibus tenetur aut deleniti qui nostrum sapiente rem. Aut voluptatem tempora quibusdam.', 136, '2020-09-16 09:36:14', '2020-09-16 09:36:14'),
(347, '2020-10-02', 'Dolore omnis consequuntur explicabo porro perspiciatis. Voluptatem animi quisquam doloremque ut sit et. Esse eaque rerum et iste. Recusandae veniam autem consequatur sapiente tempore nisi.', 137, '2020-09-16 09:36:14', '2020-09-16 09:36:14'),
(348, '2020-10-03', 'Eum itaque qui exercitationem fuga. Quidem ipsum provident assumenda sit minima et. Ipsam in nesciunt odit iusto occaecati.', 138, '2020-09-16 09:36:14', '2020-09-16 09:36:14'),
(349, '2020-10-03', 'Quos dolor eum velit dolorum voluptatem. Molestiae doloribus nostrum reiciendis quasi omnis vel architecto. Architecto et voluptatem ut assumenda impedit aut et.', 139, '2020-09-16 09:36:15', '2020-09-16 09:36:15'),
(350, '2020-10-03', 'Incidunt sint ut et velit ullam ea. Officiis consectetur et dolores voluptate pariatur. Ipsum deserunt aut qui dicta.', 140, '2020-09-16 09:36:15', '2020-09-16 09:36:15'),
(351, '2020-10-03', 'Exercitationem ratione in dolorem quidem. Dolor itaque pariatur est ut et. Aut quo voluptatum hic. Veniam qui accusantium placeat quidem quam.', 141, '2020-09-16 09:36:15', '2020-09-16 09:36:15'),
(352, '2020-10-03', 'Magnam voluptatem perspiciatis aut ea odio. Quos veritatis itaque fugiat sunt tenetur magni voluptatum. Id est consequatur tempora impedit quis nesciunt eum. Autem sint dolorem et est.', 142, '2020-09-16 09:36:15', '2020-09-16 09:36:15'),
(353, '2020-10-03', 'Reprehenderit reiciendis nulla et. Dolorem quasi accusamus veniam similique unde temporibus id ab. Nihil possimus maiores ducimus dolores expedita autem. Quo deleniti et aut consequuntur.', 143, '2020-09-16 09:36:15', '2020-09-16 09:36:15'),
(354, '2020-10-03', 'Laboriosam veritatis tenetur quisquam eligendi. Labore iste quo inventore facere. Occaecati aut ad tenetur nihil similique qui. Qui et quasi ut qui. Debitis exercitationem facilis impedit dicta labore dolorum.', 144, '2020-09-16 09:36:15', '2020-09-16 09:36:15'),
(355, '2020-10-03', 'Deserunt recusandae aut qui magni. Temporibus amet velit voluptas velit veniam corrupti rerum. Assumenda sit et qui enim consequuntur eius. Unde aut perspiciatis numquam possimus.', 145, '2020-09-16 09:36:15', '2020-09-16 09:36:15'),
(356, '2020-10-04', 'Aut officiis maiores rem incidunt aut a vel. Rerum qui nihil placeat. Quisquam architecto iste architecto ut totam dolore voluptatem. Ipsum placeat nam iure dolor.', 146, '2020-09-16 09:36:15', '2020-09-16 09:36:15'),
(357, '2020-10-04', 'Voluptatibus ullam dolor corrupti qui. Numquam quibusdam exercitationem numquam vero dolores qui. Sed doloremque omnis esse natus exercitationem et cum expedita. Voluptas tenetur quas amet. Excepturi placeat quia nihil rerum aut vel.', 147, '2020-09-16 09:36:15', '2020-09-16 09:36:15'),
(358, '2020-10-04', 'Cupiditate qui vel repellendus adipisci tempora. Praesentium expedita quae praesentium quos quisquam est. Aut quo et neque eius et officia possimus itaque. Suscipit magnam adipisci nihil omnis atque odio.', 148, '2020-09-16 09:36:15', '2020-09-16 09:36:15'),
(359, '2020-10-04', 'Illum ipsum et atque quos nemo et. Accusantium velit dolores et molestiae. Consequatur dicta qui et enim quae. Et quas reprehenderit iure.', 149, '2020-09-16 09:36:15', '2020-09-16 09:36:15'),
(360, '2020-10-04', 'Ipsam nesciunt esse aliquid quam et ab aperiam. Ratione nobis nihil ea est eligendi maxime recusandae. Et nemo deserunt laborum voluptatem veniam. Culpa tenetur cumque aut in sint nisi magni.', 150, '2020-09-16 09:36:15', '2020-09-16 09:36:15'),
(361, '2020-10-04', 'Et voluptatem tempora accusantium aut atque alias. Tempore ut deleniti ea voluptatibus ipsa. Repellendus quis qui aliquid et. Nihil quasi nihil quia sint.', 151, '2020-09-16 09:36:15', '2020-09-16 09:36:15'),
(362, '2020-10-04', 'Eos ut rerum ex sed ipsam voluptatum veritatis natus. Mollitia excepturi delectus quis aspernatur neque cupiditate. Tenetur laudantium sed a ipsam doloremque. Consequuntur laborum voluptatem dolor quo soluta ut dolor.', 152, '2020-09-16 09:36:15', '2020-09-16 09:36:15'),
(363, '2020-10-04', 'Autem dolorem quisquam tempore inventore cum. Quasi aut sit id ab.', 153, '2020-09-16 09:36:15', '2020-09-16 09:36:15'),
(364, '2020-10-05', 'Saepe sit eaque ipsum sunt saepe quas fugiat. Voluptatem totam praesentium consequuntur et dolorum neque. Eum molestiae rerum ea quia. Harum vero non quas odit ea dolorum ipsum.', 154, '2020-09-16 09:36:15', '2020-09-16 09:36:15'),
(365, '2020-10-05', 'Aperiam voluptatem molestiae est quidem vero earum. Magnam necessitatibus vitae esse mollitia laudantium saepe. Blanditiis consequatur et veniam et suscipit beatae quod porro. Ut excepturi assumenda ut velit.', 155, '2020-09-16 09:36:15', '2020-09-16 09:36:15'),
(366, '2020-10-05', 'Quaerat consequuntur ex est porro in magni architecto. At quia sit rerum fuga molestiae dolorem. Ut consequatur ipsa et.', 156, '2020-09-16 09:36:15', '2020-09-16 09:36:15'),
(367, '2020-10-05', 'Quia aut sequi sunt nemo et unde. Qui ut aliquam sed minima. Est deleniti ea incidunt omnis impedit a.', 157, '2020-09-16 09:36:15', '2020-09-16 09:36:15'),
(368, '2020-10-05', 'Rerum totam minima dolor iure sapiente eveniet. Quo ipsam beatae beatae. Placeat dolorem possimus repellat qui distinctio. Omnis ut quo est aut nisi.', 158, '2020-09-16 09:36:15', '2020-09-16 09:36:15'),
(369, '2020-10-05', 'Eaque ea quo praesentium ratione. Quo aliquid et quia harum sit nemo debitis. Hic velit temporibus excepturi culpa voluptates. Repellendus delectus amet accusantium suscipit cupiditate.', 159, '2020-09-16 09:36:15', '2020-09-16 09:36:15'),
(370, '2020-10-05', 'Expedita nam dolores natus quisquam aut id blanditiis laborum. Nihil sunt unde voluptatibus dolores recusandae asperiores. Ut nobis quia vitae qui quisquam id. Est corrupti fugiat odio voluptatem harum repudiandae.', 160, '2020-09-16 09:36:15', '2020-09-16 09:36:15'),
(371, '2020-10-05', 'Voluptates rerum explicabo illo eius. Itaque numquam et voluptatem debitis. Quisquam modi totam ratione.', 161, '2020-09-16 09:36:15', '2020-09-16 09:36:15'),
(372, '2020-10-06', 'Et nam est quae voluptatem. Repudiandae tenetur rerum ducimus consequatur commodi. Facilis inventore incidunt provident non quibusdam. Rerum consequatur rerum reiciendis officia sapiente rerum.', 162, '2020-09-16 09:36:15', '2020-09-16 09:36:15'),
(373, '2020-10-06', 'Distinctio est in dolore dolor. Provident numquam dicta corporis similique. Quidem eum ut sit. Dolor debitis enim quas quas reiciendis provident qui. Commodi sed praesentium occaecati quia sit laudantium.', 163, '2020-09-16 09:36:15', '2020-09-16 09:36:15'),
(374, '2020-10-06', 'Enim repellendus impedit architecto dolor. Rerum porro repellendus aliquam aut fugiat alias omnis sequi. Fugiat esse et consequatur quo et rerum vero voluptatem.', 164, '2020-09-16 09:36:15', '2020-09-16 09:36:15'),
(375, '2020-10-06', 'Qui quod sed et natus numquam. Nam tenetur minus fuga voluptatibus dolore consequatur quo. Porro eos nostrum et repellat. Labore ipsum ut expedita totam amet ea.', 165, '2020-09-16 09:36:15', '2020-09-16 09:36:15'),
(376, '2020-10-06', 'Eos sed corporis vel exercitationem et quo. Aut assumenda provident qui officia reiciendis. Velit ratione aut omnis sed similique et. Quia aut dolore qui et. Ut deleniti ut asperiores.', 166, '2020-09-16 09:36:15', '2020-09-16 09:36:15'),
(377, '2020-10-06', 'Enim adipisci velit voluptatem et mollitia qui. Eum quos repellat odit numquam recusandae at. Quos eligendi maiores et nulla vel vero voluptatem.', 167, '2020-09-16 09:36:15', '2020-09-16 09:36:15'),
(378, '2020-10-06', 'Autem sit quia temporibus. Eius nobis ex molestias. Omnis voluptatem unde qui accusamus ut aut natus. Ducimus velit explicabo asperiores qui nisi aut.', 168, '2020-09-16 09:36:15', '2020-09-16 09:36:15'),
(379, '2020-10-06', 'Voluptatem qui et et numquam. Et pariatur qui voluptas suscipit et omnis consectetur cumque. Aut sunt provident blanditiis doloribus quos amet.', 169, '2020-09-16 09:36:15', '2020-09-16 09:36:15'),
(380, '2020-10-07', 'Dolore voluptatum porro maxime nam. Tenetur velit sint et eum doloremque necessitatibus cupiditate. Placeat rem modi molestiae.', 170, '2020-09-16 09:36:15', '2020-09-16 09:36:15'),
(381, '2020-10-07', 'Voluptatem et ut delectus ea quos perferendis. Blanditiis saepe facere numquam placeat distinctio optio fuga. A expedita libero dolore repudiandae tenetur. Nostrum quidem recusandae ut eveniet impedit eum totam.', 171, '2020-09-16 09:36:15', '2020-09-16 09:36:15'),
(382, '2020-10-07', 'Aut ipsum exercitationem voluptatem tenetur consequatur rerum. Esse harum sapiente eos qui doloremque debitis. Dolore deleniti repudiandae rerum unde eius aut aliquid.', 172, '2020-09-16 09:36:15', '2020-09-16 09:36:15'),
(383, '2020-10-07', 'Nesciunt nihil omnis ab et ad sunt nihil modi. Accusamus delectus consequuntur quo non. Atque placeat esse sunt quo. Nihil et sit est accusamus.', 173, '2020-09-16 09:36:15', '2020-09-16 09:36:15'),
(384, '2020-10-07', 'Saepe unde voluptas voluptatem. Quia voluptas similique tenetur a est.', 174, '2020-09-16 09:36:15', '2020-09-16 09:36:15'),
(385, '2020-10-07', 'Blanditiis pariatur labore quo qui. Ut eligendi quam ut consequatur. Harum quia sit rem maiores eum.', 175, '2020-09-16 09:36:16', '2020-09-16 09:36:16'),
(386, '2020-10-07', 'Exercitationem eligendi vitae quasi aut assumenda sint cumque. Doloremque impedit aut voluptas hic voluptas enim cupiditate.', 176, '2020-09-16 09:36:16', '2020-09-16 09:36:16'),
(387, '2020-10-07', 'Temporibus laborum exercitationem aut et. Accusamus animi et voluptatem. Aut temporibus cum quis consequatur maiores.', 177, '2020-09-16 09:36:16', '2020-09-16 09:36:16'),
(388, '2020-10-08', 'Dolorem quis ex repellat dolor. Sit velit dolorem voluptas odit dolorem ea. Quis dolore ut qui. Et adipisci amet praesentium id quis corrupti minus.', 178, '2020-09-16 09:36:16', '2020-09-16 09:36:16'),
(389, '2020-10-08', 'Natus sit dolores rem quasi eligendi et ut aut. Repudiandae sint in quibusdam voluptates magni in. At nostrum laudantium id ipsam quis ipsa sed. Ut alias dignissimos id eos quidem.', 179, '2020-09-16 09:36:16', '2020-09-16 09:36:16'),
(390, '2020-10-08', 'Non quas iure soluta quia porro nesciunt praesentium. Nostrum sit ipsa repellat sed.', 180, '2020-09-16 09:36:16', '2020-09-16 09:36:16'),
(391, '2020-10-08', 'Est dolores saepe dolores. Ut rerum deserunt sed quaerat. Eos ea nam facilis quisquam enim similique officia.', 181, '2020-09-16 09:36:16', '2020-09-16 09:36:16'),
(392, '2020-10-08', 'Dolor sunt exercitationem itaque iusto autem consequatur vel voluptas. Et magnam tempora sint impedit aut. Velit atque quia eum ut qui quae.', 182, '2020-09-16 09:36:16', '2020-09-16 09:36:16'),
(393, '2020-10-08', 'In dolores et sit nostrum consequatur omnis numquam quia. Distinctio asperiores culpa nihil ipsum. Dolores nostrum consequatur delectus officia quae. Dolor pariatur odit iusto magnam modi.', 183, '2020-09-16 09:36:16', '2020-09-16 09:36:16'),
(394, '2020-10-08', 'Odit officiis ratione et delectus minima dolor. Eligendi quibusdam at adipisci quae totam assumenda voluptas. Aliquam atque voluptates laborum. Sunt sunt culpa aut praesentium vel veniam.', 184, '2020-09-16 09:36:16', '2020-09-16 09:36:16'),
(395, '2020-10-08', 'Dolorum quibusdam autem et autem enim earum. Quia nihil sit vitae voluptate debitis non voluptas. Incidunt iusto officia qui aliquid. Dolore quo numquam ut voluptatem placeat magni.', 185, '2020-09-16 09:36:16', '2020-09-16 09:36:16'),
(396, '2020-10-09', 'Error occaecati optio et aut et odio dolores enim. Et dolorem sapiente illo exercitationem iusto. Nisi laboriosam earum aut non.', 186, '2020-09-16 09:36:16', '2020-09-16 09:36:16'),
(397, '2020-10-09', 'Dolor corporis consequatur provident repudiandae voluptas qui nesciunt. Voluptatem ab temporibus est. Quam sunt praesentium id molestiae et labore consequatur. Sed architecto eius atque ea itaque deleniti magni.', 187, '2020-09-16 09:36:16', '2020-09-16 09:36:16'),
(398, '2020-10-09', 'Dolores autem dolores sit facere ipsum eum. Dolores aliquam aut nesciunt saepe repellat sit pariatur est. Sint quam est deserunt et consequatur aut. Sunt perspiciatis assumenda occaecati et. Iure eveniet quas animi.', 188, '2020-09-16 09:36:16', '2020-09-16 09:36:16'),
(399, '2020-10-09', 'Distinctio beatae ut et aut labore. Qui sapiente sed eos rerum et cumque ut voluptates. Enim id omnis beatae accusantium itaque in et. Sit excepturi exercitationem et iusto quae porro.', 189, '2020-09-16 09:36:16', '2020-09-16 09:36:16'),
(400, '2020-10-09', 'Dolore in rerum rem occaecati sequi autem. Libero at perferendis quaerat incidunt enim. Eveniet eaque aliquid quia ut. Labore eum beatae alias. Voluptatibus repellat quia autem beatae cum temporibus.', 190, '2020-09-16 09:36:16', '2020-09-16 09:36:16'),
(401, '2020-10-09', 'Rerum sit eveniet magnam explicabo. Dolor voluptas molestias corporis. Esse illum architecto ipsum nobis.', 191, '2020-09-16 09:36:16', '2020-09-16 09:36:16'),
(402, '2020-10-09', 'Id rerum molestias itaque asperiores unde. Rem eum in consequatur dolor expedita voluptas. Error eveniet aut nihil quasi dignissimos. Dolorum excepturi atque unde iste placeat officiis nam.', 192, '2020-09-16 09:36:16', '2020-09-16 09:36:16'),
(403, '2020-10-09', 'Eveniet ut non sit aut quae quae explicabo voluptate. Omnis temporibus dolor magnam est mollitia beatae at sed. Asperiores architecto quis suscipit a.', 193, '2020-09-16 09:36:16', '2020-09-16 09:36:16'),
(404, '2020-10-10', 'Commodi eos autem perspiciatis modi et. Maiores accusamus reiciendis quae. Aliquam blanditiis iure id.', 194, '2020-09-16 09:36:16', '2020-09-16 09:36:16'),
(405, '2020-10-10', 'Possimus molestiae vitae itaque molestiae numquam sed nobis. Nostrum repellendus autem saepe perspiciatis. Sit officia neque voluptatem incidunt. Quia ea porro molestias culpa ex harum.', 195, '2020-09-16 09:36:16', '2020-09-16 09:36:16'),
(406, '2020-10-10', 'Doloremque rerum rerum voluptatem cumque voluptate nobis. Et voluptatem quia corrupti non. Aut a asperiores ea mollitia omnis. Voluptatem iure vero possimus dignissimos iure.', 196, '2020-09-16 09:36:16', '2020-09-16 09:36:16'),
(407, '2020-10-10', 'Dolorem qui qui dolorem omnis non blanditiis. Distinctio dolores error nemo. Corporis minima pariatur officiis aspernatur. Enim quia est laboriosam corrupti autem in earum repellat.', 197, '2020-09-16 09:36:16', '2020-09-16 09:36:16'),
(408, '2020-10-10', 'Est eligendi similique tempore eum non qui. Qui explicabo sed voluptas dignissimos molestiae quia. Totam fugit maxime earum rem quas eos. Aut omnis consequatur laborum cum ut qui qui.', 198, '2020-09-16 09:36:16', '2020-09-16 09:36:16'),
(409, '2020-10-10', 'Quo praesentium eos ab consequatur dolore occaecati et. Impedit quos fugit iusto provident. Ea et qui iusto et quia tempora asperiores tenetur.', 199, '2020-09-16 09:36:16', '2020-09-16 09:36:16'),
(410, '2020-10-10', 'Quibusdam asperiores non ut aut. Adipisci ut nulla et commodi optio harum consequatur.', 200, '2020-09-16 09:36:16', '2020-09-16 09:36:16'),
(411, '2020-10-10', 'Praesentium incidunt unde impedit veritatis consequatur. Dolor nostrum quidem debitis debitis. Earum fugiat nam doloribus vitae error occaecati. Qui eum sint quam harum.', 201, '2020-09-16 09:36:16', '2020-09-16 09:36:16');

-- --------------------------------------------------------

--
-- Structure de la table `failed_jobs`
--

CREATE TABLE `failed_jobs` (
  `id` bigint(20) UNSIGNED NOT NULL,
  `connection` text COLLATE utf8mb4_unicode_ci NOT NULL,
  `queue` text COLLATE utf8mb4_unicode_ci NOT NULL,
  `payload` longtext COLLATE utf8mb4_unicode_ci NOT NULL,
  `exception` longtext COLLATE utf8mb4_unicode_ci NOT NULL,
  `failed_at` timestamp NOT NULL DEFAULT current_timestamp()
) ENGINE=InnoDB DEFAULT CHARSET=utf8mb4 COLLATE=utf8mb4_unicode_ci;

-- --------------------------------------------------------

--
-- Structure de la table `medicaments`
--

CREATE TABLE `medicaments` (
  `id` bigint(20) UNSIGNED NOT NULL,
  `name` varchar(255) COLLATE utf8mb4_unicode_ci NOT NULL,
  `type_sick` varchar(255) COLLATE utf8mb4_unicode_ci NOT NULL,
  `created_at` timestamp NULL DEFAULT NULL,
  `updated_at` timestamp NULL DEFAULT NULL
) ENGINE=InnoDB DEFAULT CHARSET=utf8mb4 COLLATE=utf8mb4_unicode_ci;

--
-- Déchargement des données de la table `medicaments`
--

INSERT INTO `medicaments` (`id`, `name`, `type_sick`, `created_at`, `updated_at`) VALUES
(1, 'MAALOX 4g/3,5g , Suspension', 'ddddeeee', '2020-09-14 09:21:43', '2020-09-14 09:21:43'),
(2, 'ABILIFY 10 MG', 'ddededddc', '2020-09-14 09:22:02', '2020-09-14 09:22:02'),
(3, 'JADENU 160 MG', 'xsdzddff', '2020-09-14 09:22:24', '2020-09-14 09:22:24'),
(4, 'Ipsa quia qui ut.', 'At suscipit esse vitae et sunt assumenda quia.', '2020-09-16 09:50:07', '2020-09-16 09:50:07'),
(5, 'Veritatis enim eaque.', 'Quod quae voluptas est sunt.', '2020-09-16 09:50:07', '2020-09-16 09:50:07'),
(6, 'Quasi reprehenderit quia ut.', 'Enim libero iusto alias et aut sit ut.', '2020-09-16 09:50:07', '2020-09-16 09:50:07'),
(7, 'Dolores repellat cumque voluptatum.', 'Nam temporibus est dolorem dolor aut sed.', '2020-09-16 09:50:07', '2020-09-16 09:50:07'),
(8, 'Quisquam autem qui.', 'Dolores libero illum praesentium at.', '2020-09-16 09:50:07', '2020-09-16 09:50:07'),
(9, 'Sed exercitationem possimus ut praesentium.', 'Quia nemo accusamus illum a occaecati quae.', '2020-09-16 09:50:07', '2020-09-16 09:50:07'),
(10, 'Quibusdam enim hic.', 'Perspiciatis maxime ea quis est.', '2020-09-16 09:50:07', '2020-09-16 09:50:07'),
(11, 'Dolorem nisi amet aut.', 'Laudantium incidunt aut sit vero totam magnam.', '2020-09-16 09:50:07', '2020-09-16 09:50:07'),
(12, 'Voluptatem exercitationem soluta et.', 'Odit ut eos laboriosam ratione ut.', '2020-09-16 09:50:07', '2020-09-16 09:50:07'),
(13, 'Sed doloribus non sit.', 'Unde accusamus esse velit et rerum est.', '2020-09-16 09:50:07', '2020-09-16 09:50:07'),
(14, 'Occaecati porro quo id.', 'Velit ipsa non consequuntur sunt iusto non.', '2020-09-16 09:50:07', '2020-09-16 09:50:07'),
(15, 'Dolorum minima.', 'Aut quisquam amet et.', '2020-09-16 09:50:07', '2020-09-16 09:50:07'),
(16, 'Velit sed et tenetur.', 'Voluptatem non repudiandae fugit ut tempora omnis eaque.', '2020-09-16 09:50:07', '2020-09-16 09:50:07'),
(17, 'Hic commodi quo est.', 'Nam aut sit ad corporis aut quis.', '2020-09-16 09:50:07', '2020-09-16 09:50:07'),
(18, 'Nisi voluptatem officia.', 'Blanditiis molestiae labore molestiae expedita sunt iusto accusamus.', '2020-09-16 09:50:07', '2020-09-16 09:50:07'),
(19, 'Harum nemo dignissimos.', 'Dolor dolores magnam officia consectetur sint repudiandae.', '2020-09-16 09:50:07', '2020-09-16 09:50:07'),
(20, 'Soluta maiores.', 'Necessitatibus sed rerum facere et praesentium eum.', '2020-09-16 09:50:08', '2020-09-16 09:50:08'),
(21, 'Et et unde.', 'Magnam et cupiditate fugiat cum quia.', '2020-09-16 09:50:08', '2020-09-16 09:50:08'),
(22, 'Neque ea est.', 'Laborum debitis assumenda sed tempora tempore enim.', '2020-09-16 09:50:08', '2020-09-16 09:50:08'),
(23, 'Et hic sunt officia.', 'Et unde a nam dolorum a labore.', '2020-09-16 09:50:08', '2020-09-16 09:50:08'),
(24, 'Reprehenderit distinctio officia voluptas.', 'Quis non numquam suscipit.', '2020-09-16 09:50:08', '2020-09-16 09:50:08'),
(25, 'Repellat saepe perferendis.', 'Eum et est voluptates consectetur rerum ratione odit.', '2020-09-16 09:50:08', '2020-09-16 09:50:08'),
(26, 'Labore omnis et qui.', 'Sed fugit cum voluptatibus necessitatibus rerum dolor.', '2020-09-16 09:50:08', '2020-09-16 09:50:08'),
(27, 'Et doloremque ut corporis.', 'Incidunt sed reiciendis alias et.', '2020-09-16 09:50:08', '2020-09-16 09:50:08'),
(28, 'Dolores quisquam aliquam ut.', 'Facilis non praesentium est sit quaerat deleniti.', '2020-09-16 09:50:08', '2020-09-16 09:50:08'),
(29, 'Vel eos officia at magnam.', 'Non a non sunt tempora.', '2020-09-16 09:50:08', '2020-09-16 09:50:08'),
(30, 'Mollitia veniam.', 'Provident sapiente tempore nisi omnis labore excepturi ut.', '2020-09-16 09:50:08', '2020-09-16 09:50:08'),
(31, 'Alias autem dignissimos.', 'Facere cum repudiandae ad vel hic.', '2020-09-16 09:50:08', '2020-09-16 09:50:08'),
(32, 'Accusamus earum dolorum facilis.', 'Suscipit nisi et aut cum nostrum et aut voluptatibus.', '2020-09-16 09:50:08', '2020-09-16 09:50:08'),
(33, 'Molestias maxime error voluptas.', 'Eum consectetur est tempora incidunt quod.', '2020-09-16 09:50:08', '2020-09-16 09:50:08'),
(34, 'Explicabo temporibus error laborum.', 'A ullam vel voluptatem esse.', '2020-09-16 09:50:08', '2020-09-16 09:50:08'),
(35, 'Est voluptatibus quisquam minima qui.', 'Architecto voluptatibus quod in.', '2020-09-16 09:50:08', '2020-09-16 09:50:08'),
(36, 'Ea accusantium rerum dolorem laudantium.', 'Asperiores in similique dolor dolorem.', '2020-09-16 09:50:08', '2020-09-16 09:50:08'),
(37, 'Exercitationem molestiae nobis itaque.', 'Possimus sunt deleniti architecto est repellat.', '2020-09-16 09:50:08', '2020-09-16 09:50:08'),
(38, 'Esse delectus sint mollitia.', 'Est fugiat voluptate voluptatum quibusdam tempora unde.', '2020-09-16 09:50:08', '2020-09-16 09:50:08'),
(39, 'Natus deserunt sequi.', 'Sapiente quia et ipsum illum ex iste error.', '2020-09-16 09:50:08', '2020-09-16 09:50:08'),
(40, 'Ipsam voluptatibus sit voluptas.', 'Non aspernatur consequuntur rerum aut dicta et provident.', '2020-09-16 09:50:08', '2020-09-16 09:50:08'),
(41, 'Cupiditate sed vel.', 'Consequatur itaque consequuntur et eum.', '2020-09-16 09:50:08', '2020-09-16 09:50:08'),
(42, 'Non odit a fuga.', 'Qui assumenda rerum eligendi adipisci et architecto et.', '2020-09-16 09:50:08', '2020-09-16 09:50:08'),
(43, 'Consequatur impedit et.', 'Quis ab autem dolorum est consequuntur ipsum.', '2020-09-16 09:50:08', '2020-09-16 09:50:08'),
(44, 'Quibusdam qui id pariatur.', 'Autem est et ut tenetur alias facilis.', '2020-09-16 09:50:08', '2020-09-16 09:50:08'),
(45, 'Quibusdam repudiandae qui a.', 'Alias ipsum praesentium natus laborum fuga.', '2020-09-16 09:50:08', '2020-09-16 09:50:08'),
(46, 'Recusandae quasi perferendis.', 'Dolore qui rem quo eius fugit accusantium enim.', '2020-09-16 09:50:08', '2020-09-16 09:50:08'),
(47, 'Sint impedit nesciunt.', 'Voluptas in quisquam rerum.', '2020-09-16 09:50:08', '2020-09-16 09:50:08'),
(48, 'Velit minus soluta.', 'Autem quia quas labore veritatis sunt eligendi.', '2020-09-16 09:50:08', '2020-09-16 09:50:08'),
(49, 'Nam temporibus mollitia.', 'Necessitatibus odio suscipit odio voluptatem.', '2020-09-16 09:50:08', '2020-09-16 09:50:08'),
(50, 'Quos accusantium corrupti ea.', 'Laudantium esse dolorem quos voluptatem non.', '2020-09-16 09:50:08', '2020-09-16 09:50:08'),
(51, 'Quos omnis cupiditate.', 'Voluptas nostrum maiores tempora quo beatae.', '2020-09-16 09:50:08', '2020-09-16 09:50:08'),
(52, 'At qui distinctio.', 'Id vel illo iste tempora aut.', '2020-09-16 09:50:08', '2020-09-16 09:50:08'),
(53, 'Temporibus vel qui.', 'Eveniet necessitatibus enim pariatur quis dicta eos autem.', '2020-09-16 09:50:08', '2020-09-16 09:50:08'),
(54, 'Saepe molestiae sit ut.', 'Fugiat et non possimus quae.', '2020-09-16 09:50:08', '2020-09-16 09:50:08'),
(55, 'Qui est accusantium consequatur et.', 'Accusamus officia illum unde blanditiis est voluptatem voluptatem illum.', '2020-09-16 09:50:08', '2020-09-16 09:50:08'),
(56, 'Recusandae laudantium rerum.', 'Aut iure nam delectus nostrum.', '2020-09-16 09:50:08', '2020-09-16 09:50:08'),
(57, 'Officiis qui.', 'Et aperiam amet cum distinctio modi.', '2020-09-16 09:50:08', '2020-09-16 09:50:08'),
(58, 'Sunt perferendis accusamus ea.', 'Consectetur excepturi debitis quibusdam quia voluptatum voluptatum.', '2020-09-16 09:50:09', '2020-09-16 09:50:09'),
(59, 'Rerum minus id rerum.', 'Cum voluptatem voluptatum quaerat recusandae et.', '2020-09-16 09:50:09', '2020-09-16 09:50:09'),
(60, 'Soluta id sequi.', 'Deserunt quia voluptatem omnis neque quas.', '2020-09-16 09:50:09', '2020-09-16 09:50:09'),
(61, 'Provident pariatur et corporis.', 'Sint et sunt quis.', '2020-09-16 09:50:09', '2020-09-16 09:50:09'),
(62, 'Hic veniam maxime est.', 'Nihil officia veritatis nihil a enim dolor et.', '2020-09-16 09:50:09', '2020-09-16 09:50:09'),
(63, 'Deserunt ab totam accusamus.', 'Consequuntur ratione est eos fugiat voluptatum eligendi.', '2020-09-16 09:50:09', '2020-09-16 09:50:09'),
(64, 'Id animi omnis.', 'Aut quas placeat praesentium excepturi enim rem.', '2020-09-16 09:50:09', '2020-09-16 09:50:09'),
(65, 'Iusto culpa inventore delectus.', 'Minus quos vero quibusdam et ullam totam.', '2020-09-16 09:50:09', '2020-09-16 09:50:09'),
(66, 'Voluptas eius qui voluptatibus.', 'Molestiae quia explicabo commodi consequatur eos.', '2020-09-16 09:50:09', '2020-09-16 09:50:09'),
(67, 'Aliquid est molestiae.', 'Omnis in iusto eum.', '2020-09-16 09:50:09', '2020-09-16 09:50:09'),
(68, 'Quia est nobis impedit qui.', 'Est velit consequatur dolores perspiciatis.', '2020-09-16 09:50:09', '2020-09-16 09:50:09'),
(69, 'Eum quia fugiat.', 'Numquam et et excepturi unde similique mollitia cum.', '2020-09-16 09:50:09', '2020-09-16 09:50:09'),
(70, 'Ex quam ipsam.', 'Eligendi vel itaque nihil.', '2020-09-16 09:50:09', '2020-09-16 09:50:09'),
(71, 'Rem est deleniti sint.', 'Quaerat quia quasi odio est.', '2020-09-16 09:50:09', '2020-09-16 09:50:09'),
(72, 'Reprehenderit iure temporibus.', 'Veniam fugit optio ab hic.', '2020-09-16 09:50:09', '2020-09-16 09:50:09'),
(73, 'Quod nisi.', 'Id accusantium facilis nulla ut eius.', '2020-09-16 09:50:09', '2020-09-16 09:50:09'),
(74, 'Aliquam quo quibusdam debitis omnis.', 'Et aliquid explicabo cum culpa.', '2020-09-16 09:50:09', '2020-09-16 09:50:09'),
(75, 'Est ipsum deleniti maiores.', 'Fuga corrupti quis delectus ipsum aut.', '2020-09-16 09:50:09', '2020-09-16 09:50:09'),
(76, 'Corporis sit eius unde occaecati.', 'Assumenda commodi sit maiores voluptas.', '2020-09-16 09:50:09', '2020-09-16 09:50:09'),
(77, 'Itaque quisquam asperiores sed.', 'Est ea et dolores id consequatur.', '2020-09-16 09:50:09', '2020-09-16 09:50:09'),
(78, 'Qui eligendi ullam ut.', 'Fugit nobis odit omnis a omnis et voluptatibus.', '2020-09-16 09:50:09', '2020-09-16 09:50:09'),
(79, 'Aut blanditiis minima consectetur.', 'Ducimus voluptas est dicta reiciendis adipisci.', '2020-09-16 09:50:09', '2020-09-16 09:50:09'),
(80, 'Consectetur tenetur est laboriosam.', 'Explicabo totam voluptatem aut velit odio.', '2020-09-16 09:50:09', '2020-09-16 09:50:09'),
(81, 'Porro architecto hic nulla.', 'Dolore provident expedita quod animi recusandae eum odio.', '2020-09-16 09:50:09', '2020-09-16 09:50:09'),
(82, 'Id fuga quibusdam quia.', 'Magnam voluptas nobis sint ut natus.', '2020-09-16 09:50:09', '2020-09-16 09:50:09'),
(83, 'Assumenda architecto aut.', 'Reprehenderit dolor nihil cupiditate.', '2020-09-16 09:50:09', '2020-09-16 09:50:09'),
(84, 'Non incidunt eaque.', 'Doloremque ratione sunt sed consectetur et deserunt et.', '2020-09-16 09:50:09', '2020-09-16 09:50:09'),
(85, 'Voluptas sunt nesciunt quod.', 'Suscipit earum qui labore sint assumenda.', '2020-09-16 09:50:09', '2020-09-16 09:50:09'),
(86, 'Quibusdam et vitae.', 'Ea qui nihil et aliquam totam aliquam.', '2020-09-16 09:50:09', '2020-09-16 09:50:09'),
(87, 'Quos accusantium corrupti aut suscipit.', 'Unde nihil velit aliquid.', '2020-09-16 09:50:09', '2020-09-16 09:50:09'),
(88, 'Est ratione sit.', 'Quae iste reiciendis ducimus quibusdam facilis.', '2020-09-16 09:50:09', '2020-09-16 09:50:09'),
(89, 'Ut blanditiis rerum consequatur.', 'Voluptates porro aperiam rerum temporibus unde dolorem debitis voluptate.', '2020-09-16 09:50:09', '2020-09-16 09:50:09'),
(90, 'Ut tempore reprehenderit.', 'Architecto voluptatem quo eos ducimus.', '2020-09-16 09:50:09', '2020-09-16 09:50:09'),
(91, 'Cumque sapiente quasi itaque nihil.', 'Et nostrum nemo qui fugit aperiam.', '2020-09-16 09:50:09', '2020-09-16 09:50:09'),
(92, 'Ipsa nesciunt provident eos.', 'Doloribus nulla ut illo.', '2020-09-16 09:50:10', '2020-09-16 09:50:10'),
(93, 'Impedit corrupti saepe nesciunt.', 'Illo consequatur eum odit rerum blanditiis deserunt.', '2020-09-16 09:50:10', '2020-09-16 09:50:10'),
(94, 'Assumenda at quo vel.', 'Ut voluptate consectetur in accusantium ullam amet.', '2020-09-16 09:50:10', '2020-09-16 09:50:10'),
(95, 'Debitis sed est.', 'Rem officiis illum delectus eaque temporibus voluptas.', '2020-09-16 09:50:10', '2020-09-16 09:50:10'),
(96, 'Inventore quae rem eius quidem.', 'Aspernatur sed ut consequatur repellendus commodi recusandae et.', '2020-09-16 09:50:10', '2020-09-16 09:50:10'),
(97, 'Praesentium voluptatem placeat nulla.', 'Assumenda deleniti eius doloremque et itaque et.', '2020-09-16 09:50:10', '2020-09-16 09:50:10'),
(98, 'Nemo est sunt non aut.', 'Reprehenderit quia praesentium unde.', '2020-09-16 09:50:10', '2020-09-16 09:50:10'),
(99, 'Minus quod voluptatum aliquam.', 'Aliquam et cumque omnis quia ab.', '2020-09-16 09:50:10', '2020-09-16 09:50:10'),
(100, 'Iure porro iste.', 'Et exercitationem molestiae et aut et totam.', '2020-09-16 09:50:10', '2020-09-16 09:50:10'),
(101, 'Aspernatur repellat ad ex.', 'Et laudantium quia atque dicta ex.', '2020-09-16 09:50:10', '2020-09-16 09:50:10'),
(102, 'Dolorum reprehenderit sed.', 'Aliquam aut in modi.', '2020-09-16 09:50:10', '2020-09-16 09:50:10'),
(103, 'Vitae vel rerum.', 'Rerum non reiciendis qui velit.', '2020-09-16 09:50:10', '2020-09-16 09:50:10'),
(104, 'Id sed tenetur consequuntur.', 'Ut ducimus veritatis debitis quia qui molestiae.', '2020-09-16 09:50:10', '2020-09-16 09:50:10'),
(105, 'Quae eius iste aut.', 'Maiores vero laborum ut aspernatur dolores.', '2020-09-16 09:50:10', '2020-09-16 09:50:10'),
(106, 'Blanditiis molestias vel tempore.', 'Ipsa rerum accusantium qui tempore.', '2020-09-16 09:50:10', '2020-09-16 09:50:10'),
(107, 'Ducimus magnam voluptate dolore quod.', 'Est veritatis ipsa et in consequuntur voluptas culpa.', '2020-09-16 09:50:10', '2020-09-16 09:50:10'),
(108, 'Facilis non ea iusto rem.', 'Et ab sapiente quae.', '2020-09-16 09:50:10', '2020-09-16 09:50:10'),
(109, 'Totam quod ea.', 'Qui maxime tempore amet qui eum.', '2020-09-16 09:50:10', '2020-09-16 09:50:10'),
(110, 'Repellendus voluptas et.', 'Cupiditate voluptatibus quisquam quo dolorem dicta vel.', '2020-09-16 09:50:10', '2020-09-16 09:50:10'),
(111, 'Animi amet praesentium eaque.', 'Facere esse laudantium corporis tempora dolor.', '2020-09-16 09:50:10', '2020-09-16 09:50:10'),
(112, 'Impedit deleniti repellendus minima.', 'Facilis iure corrupti molestiae.', '2020-09-16 09:50:10', '2020-09-16 09:50:10'),
(113, 'Dolorum atque corporis impedit.', 'Enim dolorum facilis et eius voluptas ad doloribus.', '2020-09-16 09:50:10', '2020-09-16 09:50:10'),
(114, 'Voluptatem cum est.', 'Libero at repellendus iusto placeat error voluptatem.', '2020-09-16 09:50:10', '2020-09-16 09:50:10'),
(115, 'Velit quaerat molestias non.', 'Soluta quam et id et omnis quod.', '2020-09-16 09:50:10', '2020-09-16 09:50:10'),
(116, 'Quos consequatur eum.', 'Praesentium dolorem debitis qui sint tempore.', '2020-09-16 09:50:10', '2020-09-16 09:50:10'),
(117, 'Et laudantium dolorum.', 'Qui ut quidem accusantium.', '2020-09-16 09:50:10', '2020-09-16 09:50:10'),
(118, 'Ad qui et quaerat.', 'Qui ut quaerat rerum repellat.', '2020-09-16 09:50:10', '2020-09-16 09:50:10'),
(119, 'Cupiditate dignissimos quo et.', 'Ut id ea eius aperiam illum dolore.', '2020-09-16 09:50:10', '2020-09-16 09:50:10'),
(120, 'Velit maxime voluptas.', 'Doloribus veritatis ducimus recusandae dolor porro excepturi id.', '2020-09-16 09:50:10', '2020-09-16 09:50:10'),
(121, 'Expedita tenetur dicta.', 'Magni nihil molestias aliquid distinctio.', '2020-09-16 09:50:10', '2020-09-16 09:50:10'),
(122, 'Nihil velit non.', 'Eum aut possimus et dolorum rerum asperiores corrupti.', '2020-09-16 09:50:10', '2020-09-16 09:50:10'),
(123, 'Reiciendis incidunt quaerat et.', 'Eos sint vel saepe earum eaque.', '2020-09-16 09:50:10', '2020-09-16 09:50:10'),
(124, 'Suscipit commodi maxime magnam.', 'Sapiente maiores adipisci quia sit.', '2020-09-16 09:50:11', '2020-09-16 09:50:11'),
(125, 'Sit quos ducimus.', 'Alias molestiae vel eligendi tempora deserunt fugiat asperiores.', '2020-09-16 09:50:11', '2020-09-16 09:50:11'),
(126, 'Quibusdam laborum reiciendis aliquid.', 'Quae illo et in.', '2020-09-16 09:50:11', '2020-09-16 09:50:11'),
(127, 'Libero ut voluptatem impedit.', 'Quos repudiandae alias deleniti dolorem molestiae tempore.', '2020-09-16 09:50:11', '2020-09-16 09:50:11'),
(128, 'Repellat odio.', 'Consectetur voluptatem qui accusamus ullam et molestiae.', '2020-09-16 09:50:11', '2020-09-16 09:50:11'),
(129, 'Expedita cum nemo reprehenderit ducimus.', 'Doloremque consequatur quia sunt similique inventore.', '2020-09-16 09:50:11', '2020-09-16 09:50:11'),
(130, 'Eum consectetur maxime saepe.', 'Dolorem et dolorem non in expedita necessitatibus quia.', '2020-09-16 09:50:11', '2020-09-16 09:50:11'),
(131, 'Quod nisi in.', 'Sit ex earum dicta quas.', '2020-09-16 09:50:11', '2020-09-16 09:50:11'),
(132, 'Necessitatibus itaque consequuntur.', 'Aspernatur officia laborum est esse quam sed magni.', '2020-09-16 09:50:11', '2020-09-16 09:50:11'),
(133, 'Architecto sit vel.', 'Maxime odit dignissimos et laboriosam delectus illo.', '2020-09-16 09:50:11', '2020-09-16 09:50:11'),
(134, 'Animi odio eum.', 'Quis et amet dolorem repellat illum in ipsum.', '2020-09-16 09:50:11', '2020-09-16 09:50:11'),
(135, 'Consequatur ut at ducimus repellat.', 'Ut quod dolorum vel quisquam reiciendis commodi.', '2020-09-16 09:50:11', '2020-09-16 09:50:11'),
(136, 'Est illo voluptas.', 'Repudiandae doloribus neque ut autem sit.', '2020-09-16 09:50:11', '2020-09-16 09:50:11'),
(137, 'Et corrupti.', 'Ut in numquam similique nemo ut.', '2020-09-16 09:50:11', '2020-09-16 09:50:11'),
(138, 'Porro totam velit quo.', 'At et et corrupti nulla sit molestiae totam.', '2020-09-16 09:50:11', '2020-09-16 09:50:11'),
(139, 'Aut est.', 'Tempora quia sed labore ducimus et ipsa.', '2020-09-16 09:50:11', '2020-09-16 09:50:11'),
(140, 'Corporis aut hic debitis.', 'Occaecati corporis corporis possimus non enim.', '2020-09-16 09:50:11', '2020-09-16 09:50:11'),
(141, 'Maiores ut et ipsa.', 'Est aperiam iusto ut sapiente est ut odit.', '2020-09-16 09:50:11', '2020-09-16 09:50:11'),
(142, 'Iure nesciunt cumque error.', 'Tempore est fuga pariatur ut veritatis.', '2020-09-16 09:50:11', '2020-09-16 09:50:11'),
(143, 'Dolorem quia.', 'Praesentium iure voluptatem qui ea suscipit.', '2020-09-16 09:50:11', '2020-09-16 09:50:11'),
(144, 'Praesentium et quisquam similique.', 'Dolorum voluptas quas distinctio.', '2020-09-16 09:50:11', '2020-09-16 09:50:11'),
(145, 'Maiores est.', 'Tempora reiciendis exercitationem error eligendi.', '2020-09-16 09:50:11', '2020-09-16 09:50:11'),
(146, 'Totam laudantium enim rem.', 'Corporis earum quos accusantium laboriosam possimus maiores autem.', '2020-09-16 09:50:11', '2020-09-16 09:50:11'),
(147, 'Vero est temporibus quia.', 'Magnam omnis quia consequatur et officiis.', '2020-09-16 09:50:11', '2020-09-16 09:50:11'),
(148, 'Vitae ullam vero.', 'Mollitia eaque sit a accusantium aperiam perspiciatis eaque.', '2020-09-16 09:50:11', '2020-09-16 09:50:11'),
(149, 'Voluptatem quo aperiam.', 'Et excepturi atque vitae autem voluptatem architecto.', '2020-09-16 09:50:11', '2020-09-16 09:50:11'),
(150, 'Eaque est soluta autem.', 'At est in mollitia voluptatem perspiciatis.', '2020-09-16 09:50:12', '2020-09-16 09:50:12'),
(151, 'Fugiat laborum.', 'Dolores reprehenderit qui voluptatem a qui repellendus.', '2020-09-16 09:50:12', '2020-09-16 09:50:12'),
(152, 'Et fuga impedit occaecati.', 'Et quo beatae pariatur.', '2020-09-16 09:50:12', '2020-09-16 09:50:12'),
(153, 'Expedita aut non repudiandae.', 'Est laudantium omnis et autem.', '2020-09-16 09:50:12', '2020-09-16 09:50:12'),
(154, 'Earum ut cum iusto.', 'Minima dolor ipsum alias eos.', '2020-09-16 09:50:12', '2020-09-16 09:50:12'),
(155, 'Doloremque quis temporibus officia.', 'Cumque adipisci nisi corrupti quam porro reprehenderit et.', '2020-09-16 09:50:12', '2020-09-16 09:50:12'),
(156, 'Quia alias est.', 'Illum magni inventore saepe expedita.', '2020-09-16 09:50:12', '2020-09-16 09:50:12'),
(157, 'Autem dolorem ut in.', 'Iste quasi quasi esse dignissimos perferendis.', '2020-09-16 09:50:12', '2020-09-16 09:50:12'),
(158, 'Illo non dicta.', 'Praesentium ipsa exercitationem illo dolores tempora.', '2020-09-16 09:50:12', '2020-09-16 09:50:12'),
(159, 'Facilis debitis accusantium ut.', 'Nemo quibusdam explicabo odit sed nesciunt.', '2020-09-16 09:50:12', '2020-09-16 09:50:12'),
(160, 'Inventore numquam quibusdam ad.', 'Fugiat nam odio necessitatibus aut.', '2020-09-16 09:50:12', '2020-09-16 09:50:12'),
(161, 'Asperiores consequatur non.', 'Libero pariatur recusandae facere et dignissimos deleniti accusantium.', '2020-09-16 09:50:12', '2020-09-16 09:50:12'),
(162, 'Perferendis ex rerum.', 'Qui alias a repellendus est optio.', '2020-09-16 09:50:12', '2020-09-16 09:50:12'),
(163, 'Praesentium in esse inventore.', 'Animi incidunt quibusdam exercitationem esse.', '2020-09-16 09:50:12', '2020-09-16 09:50:12'),
(164, 'Veniam accusantium beatae.', 'Labore est sit temporibus.', '2020-09-16 09:50:12', '2020-09-16 09:50:12'),
(165, 'Laudantium nesciunt vel aut.', 'Pariatur pariatur quibusdam accusamus voluptates expedita voluptatem mollitia.', '2020-09-16 09:50:12', '2020-09-16 09:50:12'),
(166, 'Doloremque ut ipsum et.', 'Et et corrupti iusto quaerat.', '2020-09-16 09:50:12', '2020-09-16 09:50:12'),
(167, 'Maxime aut consequatur.', 'Eum est fuga doloremque dolore nemo sapiente.', '2020-09-16 09:50:12', '2020-09-16 09:50:12'),
(168, 'Consequatur autem sit.', 'Architecto autem dolorem ut est.', '2020-09-16 09:50:12', '2020-09-16 09:50:12'),
(169, 'Fuga deleniti at culpa.', 'Aut tempore dolores sit nulla soluta aperiam a est.', '2020-09-16 09:50:12', '2020-09-16 09:50:12'),
(170, 'Suscipit sunt veritatis.', 'Amet mollitia laudantium corporis architecto.', '2020-09-16 09:50:12', '2020-09-16 09:50:12'),
(171, 'Et tenetur eius ducimus.', 'Mollitia id reiciendis eum et vel.', '2020-09-16 09:50:12', '2020-09-16 09:50:12'),
(172, 'Tempore ad a fuga.', 'Totam eum aut qui et.', '2020-09-16 09:50:12', '2020-09-16 09:50:12'),
(173, 'Eos beatae nulla ratione.', 'Distinctio sit expedita quod labore.', '2020-09-16 09:50:12', '2020-09-16 09:50:12'),
(174, 'Exercitationem nulla.', 'Officia mollitia nobis quos aut voluptates.', '2020-09-16 09:50:12', '2020-09-16 09:50:12'),
(175, 'Sit et rem.', 'Tempora perferendis ex ea nobis explicabo non.', '2020-09-16 09:50:12', '2020-09-16 09:50:12'),
(176, 'Cumque assumenda accusamus.', 'Et in blanditiis a qui.', '2020-09-16 09:50:12', '2020-09-16 09:50:12'),
(177, 'Repellendus rem sequi ad consequuntur.', 'Quas iusto explicabo repellendus illum aut.', '2020-09-16 09:50:12', '2020-09-16 09:50:12'),
(178, 'Repudiandae optio harum aut.', 'Ducimus et qui et fugit cum numquam non.', '2020-09-16 09:50:12', '2020-09-16 09:50:12'),
(179, 'Ut saepe mollitia.', 'Quia reprehenderit dolores error iusto.', '2020-09-16 09:50:12', '2020-09-16 09:50:12'),
(180, 'Autem itaque minima omnis.', 'Dolores temporibus natus eaque.', '2020-09-16 09:50:13', '2020-09-16 09:50:13'),
(181, 'Veritatis ipsam id numquam ea.', 'Et rerum esse incidunt quia vel.', '2020-09-16 09:50:13', '2020-09-16 09:50:13'),
(182, 'Id sunt veniam dolores.', 'Fugit qui architecto sit qui est et doloribus.', '2020-09-16 09:50:13', '2020-09-16 09:50:13'),
(183, 'Quaerat earum natus.', 'Possimus ut maxime sunt aperiam inventore.', '2020-09-16 09:50:13', '2020-09-16 09:50:13'),
(184, 'Rerum natus nam.', 'Qui qui est provident illo.', '2020-09-16 09:50:13', '2020-09-16 09:50:13'),
(185, 'Magnam consectetur commodi.', 'Quos laborum odio porro magni.', '2020-09-16 09:50:13', '2020-09-16 09:50:13'),
(186, 'Impedit repellat.', 'Voluptas omnis non voluptatem dolorem quidem nulla id optio.', '2020-09-16 09:50:13', '2020-09-16 09:50:13'),
(187, 'Et velit ea.', 'Dolor rerum excepturi in mollitia dolore.', '2020-09-16 09:50:13', '2020-09-16 09:50:13'),
(188, 'In laborum consequatur ut.', 'Adipisci eius nulla excepturi.', '2020-09-16 09:50:13', '2020-09-16 09:50:13'),
(189, 'Dolore quis quis commodi.', 'Eum exercitationem consequuntur dolores dolorum unde ducimus.', '2020-09-16 09:50:13', '2020-09-16 09:50:13'),
(190, 'Ipsam architecto sequi nulla.', 'Doloribus ab rerum accusantium qui impedit reprehenderit.', '2020-09-16 09:50:13', '2020-09-16 09:50:13'),
(191, 'Repudiandae laudantium quaerat.', 'Sunt sit non dolor eaque qui.', '2020-09-16 09:50:13', '2020-09-16 09:50:13'),
(192, 'Itaque dolores molestias ab.', 'Cum minima ut voluptatum quia maxime magni.', '2020-09-16 09:50:13', '2020-09-16 09:50:13'),
(193, 'Praesentium et vitae.', 'Aliquam sed a natus illum est optio corrupti.', '2020-09-16 09:50:13', '2020-09-16 09:50:13'),
(194, 'Nesciunt aliquam fugiat molestiae voluptatem.', 'Aut quis quia id et ut.', '2020-09-16 09:50:13', '2020-09-16 09:50:13'),
(195, 'Voluptatum aperiam dolores.', 'Dolorum praesentium illo rerum vel asperiores molestiae exercitationem.', '2020-09-16 09:50:13', '2020-09-16 09:50:13'),
(196, 'Sapiente dolore ex illo.', 'Voluptatem et excepturi sit fugit suscipit inventore rerum ipsa.', '2020-09-16 09:50:13', '2020-09-16 09:50:13'),
(197, 'Est dolorem id adipisci.', 'Culpa nulla inventore et et.', '2020-09-16 09:50:13', '2020-09-16 09:50:13'),
(198, 'Asperiores quam ut tenetur.', 'Voluptatibus impedit ut quo officiis consequuntur nostrum animi perferendis.', '2020-09-16 09:50:13', '2020-09-16 09:50:13'),
(199, 'Et ipsam labore pariatur odio.', 'Iste porro enim rerum modi consequatur dolores.', '2020-09-16 09:50:13', '2020-09-16 09:50:13'),
(200, 'Doloremque dolorem dolores.', 'Harum enim sed nemo quidem.', '2020-09-16 09:50:13', '2020-09-16 09:50:13'),
(201, 'Omnis quidem qui.', 'Aut eaque dolor quia eos tenetur.', '2020-09-16 09:50:13', '2020-09-16 09:50:13'),
(202, 'Saepe et ut consequatur.', 'Autem voluptatem qui odio.', '2020-09-16 09:50:13', '2020-09-16 09:50:13'),
(203, 'Est sed et eligendi recusandae.', 'Molestiae quos soluta quia dolore rem voluptas.', '2020-09-16 09:50:13', '2020-09-16 09:50:13');

-- --------------------------------------------------------

--
-- Structure de la table `medicament_selecteds`
--

CREATE TABLE `medicament_selecteds` (
  `id` bigint(20) UNSIGNED NOT NULL,
  `description` mediumtext COLLATE utf8mb4_unicode_ci NOT NULL,
  `id_order` bigint(20) UNSIGNED NOT NULL,
  `id_medicament` bigint(20) UNSIGNED NOT NULL,
  `created_at` timestamp NULL DEFAULT NULL,
  `updated_at` timestamp NULL DEFAULT NULL
) ENGINE=InnoDB DEFAULT CHARSET=utf8mb4 COLLATE=utf8mb4_unicode_ci;

--
-- Déchargement des données de la table `medicament_selecteds`
--

INSERT INTO `medicament_selecteds` (`id`, `description`, `id_order`, `id_medicament`, `created_at`, `updated_at`) VALUES
(3, 'Libero soluta earum alias placeat debitis quos saepe. Qui ipsa ipsa eum ut et vel nam. Nostrum occaecati harum atque quibusdam officia vero dolorum labore. Cumque expedita repellat temporibus tempora nisi et.', 1, 46, '2020-09-16 16:27:55', '2020-09-16 16:27:55'),
(4, 'Consequatur incidunt cum autem ut repellat non. Quod expedita odit dolorum veniam nemo beatae. Eos iure enim omnis quibusdam necessitatibus soluta.', 1, 164, '2020-09-16 16:27:55', '2020-09-16 16:27:55'),
(5, 'Id libero fugiat voluptatibus facere a voluptates modi. Quisquam quae fuga itaque vitae. Debitis suscipit quo enim id eos totam dolor nobis. Voluptatum ullam aut possimus quia.', 1, 180, '2020-09-16 16:27:55', '2020-09-16 16:27:55'),
(7, 'Rerum sint consequuntur ex blanditiis corporis inventore in. Tempora eum aut sit assumenda est. Exercitationem commodi sit repudiandae rerum consequatur.', 4, 6, '2020-09-16 16:28:50', '2020-09-16 16:28:50'),
(8, 'Dolore voluptatem quisquam et cumque ea in rerum in. Est earum deleniti a pariatur maiores occaecati veritatis. Expedita ut omnis reprehenderit aut ut voluptas. Exercitationem corrupti excepturi omnis aut numquam et.', 4, 12, '2020-09-16 16:28:50', '2020-09-16 16:28:50'),
(9, 'Voluptas tenetur perferendis occaecati ipsam cupiditate ea temporibus commodi. Nihil qui non et. Dolor voluptatum ipsa vel sed amet.', 4, 123, '2020-09-16 16:28:50', '2020-09-16 16:28:50'),
(10, 'Ut aspernatur doloribus quam suscipit nam. Blanditiis ea repellendus occaecati possimus. Ullam vitae accusantium deleniti sapiente.', 5, 99, '2020-09-16 16:28:50', '2020-09-16 16:28:50'),
(11, 'Est et rem tempore repellat laborum quasi autem nam. Id aut dolorem eius occaecati. Voluptas reiciendis consequatur deserunt id.', 5, 178, '2020-09-16 16:28:50', '2020-09-16 16:28:50'),
(12, 'Laboriosam perspiciatis quidem sit accusantium fugit. Qui similique quasi eos asperiores. Molestias libero sequi reiciendis adipisci autem.', 5, 182, '2020-09-16 16:28:50', '2020-09-16 16:28:50'),
(13, 'Aspernatur illum dolorem aperiam voluptatem est perspiciatis explicabo. Odit ut autem praesentium quam excepturi. Molestias tenetur excepturi molestiae fuga culpa harum. Ut commodi et libero porro vero.', 6, 46, '2020-09-16 16:28:50', '2020-09-16 16:28:50'),
(14, 'Quam nihil voluptatum ea. Repellendus nulla in in ducimus.', 6, 52, '2020-09-16 16:28:50', '2020-09-16 16:28:50'),
(15, 'Est ad laborum sunt ad culpa. Quia quia rerum ipsa ut ex. Quasi suscipit quo a aut omnis culpa ut velit. Amet labore consequatur cumque et est corrupti.', 6, 124, '2020-09-16 16:28:50', '2020-09-16 16:28:50'),
(16, 'A error provident provident quam in. Cum ipsam tenetur a consequatur impedit iure est quis. Et sed enim nostrum repellat aspernatur. Fuga consequuntur ut doloremque earum iure.', 7, 28, '2020-09-16 16:28:50', '2020-09-16 16:28:50'),
(17, 'Facilis hic pariatur quia velit nemo. Voluptatibus asperiores recusandae porro et perspiciatis.', 7, 85, '2020-09-16 16:28:50', '2020-09-16 16:28:50'),
(18, 'Nulla iure qui nihil molestiae dignissimos nihil alias. Temporibus et iure velit ut nobis accusantium et.', 7, 121, '2020-09-16 16:28:50', '2020-09-16 16:28:50'),
(19, 'Ut expedita consequatur distinctio error sequi quo. Explicabo error illo dolorem harum sed dolorem labore. Exercitationem sapiente aperiam dignissimos est consequatur.', 8, 16, '2020-09-16 16:28:50', '2020-09-16 16:28:50'),
(20, 'Rerum qui velit non optio. Voluptas qui consequatur quo facere veritatis facere id. Tempora labore vero et doloremque id.', 8, 101, '2020-09-16 16:28:50', '2020-09-16 16:28:50'),
(21, 'At debitis qui qui esse et eligendi vel expedita. Magnam dolorem et maxime. Temporibus natus eum deleniti hic deleniti blanditiis. Qui nesciunt itaque ea eveniet at dignissimos.', 8, 156, '2020-09-16 16:28:50', '2020-09-16 16:28:50'),
(22, 'Ullam perspiciatis qui culpa hic ducimus iste. A voluptas neque nobis voluptas provident. Necessitatibus nulla quisquam commodi.', 9, 103, '2020-09-16 16:28:50', '2020-09-16 16:28:50'),
(23, 'Quae aliquam deserunt voluptate. Consequatur beatae ex quis id inventore voluptas voluptatem distinctio. Quibusdam totam aperiam sed doloremque. Porro nulla consequatur sunt voluptatem eius est inventore rerum.', 9, 160, '2020-09-16 16:28:50', '2020-09-16 16:28:50'),
(24, 'Est et eos quia excepturi. Voluptas est et quod tenetur nisi sunt harum. Nisi aut odit qui recusandae nostrum.', 9, 203, '2020-09-16 16:28:50', '2020-09-16 16:28:50'),
(25, 'Sapiente quibusdam quia non assumenda odit recusandae corrupti eum. Molestias quis ipsa perspiciatis ut nostrum dolorem et nam.', 10, 97, '2020-09-16 16:28:50', '2020-09-16 16:28:50'),
(26, 'Consectetur itaque reiciendis itaque sunt amet eaque. Praesentium quia occaecati vitae temporibus atque magni. Est aut maxime a eum.', 10, 106, '2020-09-16 16:28:50', '2020-09-16 16:28:50'),
(27, 'Rem sed delectus voluptate voluptatem. Et est fugit dignissimos minus. Molestiae quia nam veritatis dolor et.', 10, 148, '2020-09-16 16:28:50', '2020-09-16 16:28:50'),
(28, 'Eligendi eveniet consequuntur ipsam fuga est. Deserunt deserunt similique ut molestiae maxime tempore id hic. Itaque necessitatibus eveniet exercitationem qui quis. Fugiat non quo aspernatur modi dicta perspiciatis. Ut architecto sed error quam sit.', 11, 118, '2020-09-16 16:28:50', '2020-09-16 16:28:50'),
(29, 'Et consequatur soluta et non magni itaque consectetur. Adipisci deserunt laudantium ab distinctio in quo nulla. Occaecati voluptates autem aliquam facilis eius.', 11, 153, '2020-09-16 16:28:50', '2020-09-16 16:28:50'),
(30, 'Doloribus atque ducimus et laudantium est dicta. Quia odit nemo non explicabo officiis. Quod quo et sunt ut accusantium id. Ipsa corrupti magnam accusamus quasi et ratione quaerat aut. Autem sint et ea qui est consequuntur aliquam.', 11, 185, '2020-09-16 16:28:50', '2020-09-16 16:28:50'),
(31, 'Cupiditate voluptatum ducimus dolore aut. Eos ea eaque voluptas voluptates velit nam. Quis tempore consequatur voluptatem accusantium. Voluptatum sapiente ut consequuntur sit aut et suscipit omnis.', 12, 67, '2020-09-16 16:28:50', '2020-09-16 16:28:50'),
(32, 'Enim animi et voluptas perferendis cum cum. Eaque voluptatem dignissimos id dolorum optio nobis velit. Accusamus ipsam necessitatibus rerum et ut.', 12, 139, '2020-09-16 16:28:51', '2020-09-16 16:28:51'),
(33, 'Omnis debitis non possimus quod reiciendis pariatur ut rerum. Dolore neque officia qui voluptatem vel expedita unde. Doloribus et eius accusantium rem placeat. Iste aspernatur quia ducimus expedita libero earum.', 12, 187, '2020-09-16 16:28:51', '2020-09-16 16:28:51'),
(34, 'Et non corrupti explicabo voluptatem consequuntur. Provident aliquid sint alias sed aut accusamus est doloribus. Dolores at cum praesentium quidem itaque recusandae. Magnam sequi aliquam unde iste.', 13, 93, '2020-09-16 16:28:51', '2020-09-16 16:28:51'),
(35, 'Magni ea consequatur sapiente commodi mollitia. Nihil perferendis voluptatibus voluptas voluptatum officia perspiciatis. Repudiandae vel incidunt ipsum harum. Deleniti illum ab quam aliquam.', 13, 129, '2020-09-16 16:28:51', '2020-09-16 16:28:51'),
(36, 'Quis omnis vel quia magnam quasi. Inventore ullam et quis est impedit iure. Enim sunt natus provident sapiente.', 13, 185, '2020-09-16 16:28:51', '2020-09-16 16:28:51'),
(37, 'Et qui et voluptatibus labore nisi dolore sapiente. Voluptate quidem qui et dignissimos voluptas atque. Pariatur aliquid id enim architecto et nostrum.', 14, 13, '2020-09-16 16:28:51', '2020-09-16 16:28:51'),
(38, 'Est laboriosam asperiores et nulla. Omnis voluptates illum autem in. Incidunt molestiae beatae quo.', 14, 30, '2020-09-16 16:28:51', '2020-09-16 16:28:51'),
(39, 'Aut pariatur sint voluptatem iusto rerum aliquam. Numquam rerum est illum possimus repudiandae explicabo. Eos minima eos quibusdam omnis aut iste nemo. Aperiam animi perspiciatis iste rerum perferendis ullam.', 14, 115, '2020-09-16 16:28:51', '2020-09-16 16:28:51'),
(40, 'Voluptates non reiciendis aut tempore expedita aut voluptas. Pariatur tempora ipsum est dolore odit quo. Impedit distinctio reprehenderit id vitae. Voluptatem voluptate minima aut beatae impedit voluptas.', 15, 5, '2020-09-16 16:28:51', '2020-09-16 16:28:51'),
(41, 'Vitae voluptatem possimus maxime est consequuntur aut asperiores. Nostrum quod fugiat et voluptatum inventore et sit in. Necessitatibus delectus ipsam suscipit animi ut reprehenderit.', 15, 114, '2020-09-16 16:28:51', '2020-09-16 16:28:51'),
(42, 'Rem reiciendis et occaecati enim vel corrupti sed qui. Incidunt sint facere ut accusamus nostrum quia unde. Aut possimus placeat perferendis nihil ut. Ut et itaque temporibus hic quod omnis voluptatem.', 15, 125, '2020-09-16 16:28:51', '2020-09-16 16:28:51'),
(43, 'Occaecati omnis tenetur qui et. Error hic quis voluptatum aut. Aut ut quo ad. Debitis nemo rerum asperiores veritatis eos est.', 16, 122, '2020-09-16 16:28:51', '2020-09-16 16:28:51'),
(44, 'Rerum quis at laboriosam nobis rem ut. Est voluptatem est autem officia maiores molestiae minus et. Dolor delectus quia error deleniti laudantium quis ipsa dicta. Et et sapiente voluptatem nihil et.', 16, 132, '2020-09-16 16:28:51', '2020-09-16 16:28:51'),
(45, 'Aspernatur consequatur fugit sunt sit a expedita. Labore rerum quia velit veritatis atque corporis ut. Voluptates incidunt at nihil sed. Odit atque perferendis explicabo a itaque vel.', 16, 203, '2020-09-16 16:28:51', '2020-09-16 16:28:51'),
(46, 'Occaecati in laborum ipsum sint dolor ut. Harum consequatur rerum et minus culpa quis commodi aliquam. In minima ut sit ut qui dolorem molestiae.', 17, 71, '2020-09-16 16:28:51', '2020-09-16 16:28:51'),
(47, 'Enim nihil nisi soluta neque minus eos qui. Quia error quaerat neque et a odio quaerat. Blanditiis nesciunt ea aut.', 17, 82, '2020-09-16 16:28:51', '2020-09-16 16:28:51'),
(48, 'Consequuntur nemo consequatur enim ut. Qui praesentium aliquam commodi cumque distinctio.', 17, 127, '2020-09-16 16:28:51', '2020-09-16 16:28:51'),
(49, 'Rem occaecati nihil vel. Non numquam error incidunt voluptatem molestiae expedita et. Consectetur rem excepturi perferendis corrupti eos. Esse voluptates sed qui ab.', 18, 110, '2020-09-16 16:28:51', '2020-09-16 16:28:51'),
(50, 'Iure et ut sit ad velit corporis veniam eveniet. Vel nemo voluptatibus tempore non consequatur nulla. Labore laborum id quidem amet occaecati.', 18, 113, '2020-09-16 16:28:51', '2020-09-16 16:28:51'),
(51, 'Ratione sequi sint error est eum et aliquam. Voluptate nulla asperiores et id consequuntur sint. Unde rerum reiciendis laboriosam quis saepe et ipsum est. Animi ea ut cumque aut. Quo perspiciatis vitae explicabo et explicabo enim.', 18, 181, '2020-09-16 16:28:51', '2020-09-16 16:28:51'),
(52, 'Quo optio qui quam id qui explicabo. Voluptatem voluptatum facere nihil fuga et aut. Dolorem quasi ut voluptas eum recusandae. Sint expedita animi aut quibusdam ut quis blanditiis.', 19, 126, '2020-09-16 16:28:51', '2020-09-16 16:28:51'),
(53, 'Deserunt fuga iusto velit fuga voluptatem et cum. Sint at quia hic reprehenderit ex deserunt. Quia debitis nobis perferendis temporibus eveniet ut.', 19, 148, '2020-09-16 16:28:51', '2020-09-16 16:28:51'),
(54, 'Ut est asperiores odit accusamus provident. Aliquam sit sit incidunt ea ut sit. Numquam vel fugit tempore.', 19, 154, '2020-09-16 16:28:51', '2020-09-16 16:28:51'),
(55, 'Ex aspernatur quibusdam in doloremque autem excepturi. Eos vel deleniti corporis nihil corporis tempore dolorum. Blanditiis rerum et expedita iste voluptatem.', 20, 9, '2020-09-16 16:28:51', '2020-09-16 16:28:51'),
(56, 'Iste qui ea voluptatibus temporibus quidem. Inventore optio unde voluptates nam.', 20, 109, '2020-09-16 16:28:51', '2020-09-16 16:28:51'),
(57, 'Deserunt mollitia et ut esse voluptatem adipisci. Eius repellendus quia ea ea voluptatem et. Eius exercitationem aut et et ratione nostrum.', 20, 180, '2020-09-16 16:28:51', '2020-09-16 16:28:51'),
(58, 'Reiciendis autem ipsa praesentium amet. Voluptatem molestias tenetur quibusdam aut sed ut error magnam. Rem ut sit dicta placeat reiciendis nemo. Est similique enim eligendi vel reiciendis asperiores explicabo. Consequuntur eius dicta repudiandae vel accusantium.', 21, 78, '2020-09-16 16:28:51', '2020-09-16 16:28:51'),
(59, 'Blanditiis saepe rerum quam nemo et non dolorem sit. Et nihil eaque aut. Quas voluptatum nam qui et.', 21, 125, '2020-09-16 16:28:51', '2020-09-16 16:28:51'),
(60, 'Consequatur aliquid aut iure consequatur impedit. Distinctio quibusdam voluptatem vel veniam. Voluptatem expedita tempore quia porro iste. Nulla consequuntur deserunt sunt quo hic.', 21, 159, '2020-09-16 16:28:51', '2020-09-16 16:28:51'),
(61, 'Temporibus enim voluptatem saepe sunt nihil molestiae rem qui. Voluptatum et aliquid praesentium maxime. Non quisquam aut voluptas esse veniam culpa. Eum et quia facere sint dolores ab.', 22, 18, '2020-09-16 16:28:51', '2020-09-16 16:28:51'),
(62, 'Illo odit suscipit cupiditate mollitia eos sunt. Itaque ipsam et dolore id praesentium. Aliquid earum sed molestias recusandae.', 22, 91, '2020-09-16 16:28:51', '2020-09-16 16:28:51'),
(63, 'Sed voluptate similique doloribus a. Eveniet unde ipsam eos dolorem similique. Voluptatibus rerum est eum quibusdam dicta voluptatum.', 22, 169, '2020-09-16 16:28:51', '2020-09-16 16:28:51'),
(64, 'Labore deserunt eligendi ratione reiciendis tempora. Molestias facere dolores consequatur itaque voluptatem commodi voluptas. Vel eaque consectetur ratione tempora rem. Magni fugiat asperiores aperiam similique sit.', 23, 122, '2020-09-16 16:28:51', '2020-09-16 16:28:51'),
(65, 'Magni placeat autem et. Consequatur et rerum odit aut tenetur. Ea cum rerum quia ut rerum voluptatum. Earum facere eveniet dolorum dolores rem inventore omnis.', 23, 143, '2020-09-16 16:28:51', '2020-09-16 16:28:51'),
(66, 'Ut ut cum harum. Similique ad consequuntur ea qui. Est harum et modi at. Nostrum et voluptatem voluptatem fugiat.', 23, 183, '2020-09-16 16:28:52', '2020-09-16 16:28:52'),
(67, 'Architecto cumque et molestiae quo est maiores. Non natus saepe et magni vitae voluptas ut.', 24, 47, '2020-09-16 16:28:52', '2020-09-16 16:28:52'),
(68, 'Inventore rerum nemo adipisci et amet. Repellat aspernatur quidem nulla aliquam praesentium autem perspiciatis. Doloribus aspernatur architecto tempora distinctio.', 24, 136, '2020-09-16 16:28:52', '2020-09-16 16:28:52'),
(69, 'Architecto voluptas harum dolorum ipsam. Pariatur qui deserunt harum alias. Dolor laudantium quaerat magni animi quo rerum id. Iusto sit ducimus sed ad sit aspernatur quas.', 24, 192, '2020-09-16 16:28:52', '2020-09-16 16:28:52'),
(70, 'Dolor ullam minus sit a voluptatem id incidunt et. Et distinctio sed et minima occaecati rem debitis. Delectus assumenda fugiat et repudiandae eligendi quo totam.', 25, 29, '2020-09-16 16:28:52', '2020-09-16 16:28:52'),
(71, 'Harum odit explicabo nam eveniet autem. Alias et perspiciatis consectetur iste. Minima quis totam facilis esse molestiae.', 25, 73, '2020-09-16 16:28:52', '2020-09-16 16:28:52'),
(72, 'Voluptatibus ut tempora aut veniam nihil cumque et. Delectus et eos quis quo. Omnis aliquid suscipit dolore et et inventore necessitatibus. Eum corrupti impedit quis enim quia sit. Hic dolorum iusto nulla aut.', 25, 148, '2020-09-16 16:28:52', '2020-09-16 16:28:52'),
(73, 'Iusto hic possimus consequatur neque voluptate voluptatem alias. Tenetur velit recusandae iusto sequi ea magni. Non itaque hic possimus. Molestiae quod et nostrum similique. Molestiae reiciendis quia nostrum sequi.', 26, 117, '2020-09-16 16:28:52', '2020-09-16 16:28:52'),
(74, 'Est nulla labore ducimus dolorem temporibus officia. Qui qui iure omnis cum veritatis deleniti eaque et. Corrupti itaque tempore illum quia. Quia consequuntur esse aut fugit.', 26, 151, '2020-09-16 16:28:52', '2020-09-16 16:28:52'),
(75, 'Culpa non distinctio non sunt sed. Voluptatem eos fugit porro nisi. Veniam eum occaecati enim. Quam velit et in expedita.', 26, 165, '2020-09-16 16:28:52', '2020-09-16 16:28:52'),
(76, 'Ipsum aperiam est odio est non debitis. Recusandae adipisci nihil et voluptatibus.', 27, 10, '2020-09-16 16:28:52', '2020-09-16 16:28:52'),
(77, 'Necessitatibus occaecati nemo molestias adipisci odio. Blanditiis iusto amet officia eos voluptatem. Quae velit libero provident sit saepe consequatur repellendus et. Architecto velit officiis praesentium ipsa eveniet.', 27, 43, '2020-09-16 16:28:52', '2020-09-16 16:28:52'),
(78, 'Repellat porro facere pariatur voluptatum velit. Quo quis officiis occaecati adipisci similique exercitationem corrupti. Ad perferendis odio autem eligendi.', 27, 155, '2020-09-16 16:28:52', '2020-09-16 16:28:52'),
(79, 'Expedita autem doloremque sequi non quo inventore. Dolorem sequi optio ratione. Facilis ad quia voluptatum sed in accusamus.', 28, 8, '2020-09-16 16:28:52', '2020-09-16 16:28:52'),
(80, 'Dolor nobis rerum tempore veniam unde quae. Et nulla temporibus voluptatem doloremque quod. Repellendus voluptatem omnis qui dolor.', 28, 38, '2020-09-16 16:28:52', '2020-09-16 16:28:52'),
(81, 'Aliquam soluta nobis itaque saepe pariatur. Omnis odio dolore minus voluptates voluptate. Enim nesciunt autem facere consequuntur sed saepe aut. Adipisci illum natus sit nulla. Reiciendis magni labore temporibus.', 28, 100, '2020-09-16 16:28:52', '2020-09-16 16:28:52'),
(82, 'Modi eos perferendis nam reprehenderit exercitationem voluptas repudiandae consequatur. Qui voluptatem molestias et at quo voluptatum. Qui tenetur non adipisci neque qui. Et et sunt minima soluta animi.', 29, 27, '2020-09-16 16:28:52', '2020-09-16 16:28:52'),
(83, 'Sunt reprehenderit atque aliquam deserunt tempore deserunt. Reprehenderit repudiandae similique enim sapiente nihil odit. Quia ut modi consequatur quo aperiam.', 29, 115, '2020-09-16 16:28:52', '2020-09-16 16:28:52'),
(84, 'Dicta dolorum fugiat incidunt eos aut. Consectetur magnam illo dolore ea odio eius. Dicta molestias veritatis et. Cupiditate ex in nulla placeat officia.', 29, 151, '2020-09-16 16:28:52', '2020-09-16 16:28:52'),
(85, 'Est labore cumque perspiciatis consequuntur necessitatibus eos. Impedit nostrum quasi quia sed quis laborum provident. Quo omnis eius itaque doloremque ducimus nihil voluptates.', 30, 75, '2020-09-16 16:28:52', '2020-09-16 16:28:52'),
(86, 'Eum id veniam quae animi voluptas. At aut ut sequi possimus omnis at aut. Ipsa sit odit quia. Vero sit quia ipsam aspernatur quaerat ipsam.', 30, 82, '2020-09-16 16:28:52', '2020-09-16 16:28:52'),
(87, 'Atque suscipit cupiditate labore pariatur sed aliquam voluptas odio. Animi qui minima ut sit labore maiores. Autem maxime facere vel atque iure ducimus molestias. Aut cum doloremque rerum voluptatem quidem.', 30, 153, '2020-09-16 16:28:52', '2020-09-16 16:28:52'),
(88, 'Voluptates aut minima quasi ut quisquam minus. Ab rerum porro qui nobis. Aut ea animi soluta non magni. Ducimus expedita exercitationem dolor et sint et cumque sapiente. Id voluptatibus qui tempore eaque ut praesentium expedita.', 31, 108, '2020-09-16 16:28:52', '2020-09-16 16:28:52'),
(89, 'Aut quos distinctio quo velit in quibusdam. Et et eum eum rerum sapiente vitae sunt. Libero natus tempore sunt ut. Perspiciatis autem fuga vel et.', 31, 164, '2020-09-16 16:28:52', '2020-09-16 16:28:52'),
(90, 'Est ipsa id voluptatem ex quod quidem officiis quidem. Quos tenetur quia quo officia cumque. Aliquid aut at consectetur aliquam. Quisquam sunt repudiandae aliquid.', 31, 195, '2020-09-16 16:28:52', '2020-09-16 16:28:52'),
(91, 'At expedita culpa ut beatae est et eligendi. Quia quaerat molestiae est incidunt doloribus.', 32, 18, '2020-09-16 16:28:52', '2020-09-16 16:28:52'),
(92, 'Aut placeat veniam dolor mollitia. Et impedit voluptatem iure laboriosam soluta nobis. Perspiciatis ad velit dolor ab eligendi. Magni alias illo occaecati eaque et.', 32, 22, '2020-09-16 16:28:52', '2020-09-16 16:28:52'),
(93, 'Id nulla nihil deserunt eveniet. Facere accusamus quos nam beatae nihil minima vel occaecati. Molestias et quo culpa debitis sunt. Amet quibusdam dolores perspiciatis aut.', 32, 86, '2020-09-16 16:28:52', '2020-09-16 16:28:52'),
(94, 'Tenetur corporis unde illum modi. Rerum voluptas maiores suscipit amet. Consequuntur placeat animi modi perferendis numquam nihil aspernatur. Velit vel sed soluta cupiditate nobis.', 33, 26, '2020-09-16 16:28:52', '2020-09-16 16:28:52'),
(95, 'Enim earum omnis odit perspiciatis magni. Ipsum unde a eius aliquam odio dignissimos. Fugiat ex ipsa possimus tempora debitis possimus. Optio dolores adipisci libero aut.', 33, 174, '2020-09-16 16:28:52', '2020-09-16 16:28:52'),
(96, 'Voluptate aut rerum ea minima omnis quam sunt. Non quae atque maiores nulla earum et ad. Nihil sunt reprehenderit ducimus dolor dolores voluptatum. Dolorem ducimus dolores maiores beatae.', 33, 187, '2020-09-16 16:28:52', '2020-09-16 16:28:52'),
(97, 'Amet ab assumenda aut totam unde et aut ab. Voluptatem odio dignissimos quidem recusandae voluptatem ipsam aut neque. Eum in incidunt deserunt vitae quas. Qui id vero qui qui dolore dolorum doloribus.', 34, 7, '2020-09-16 16:28:52', '2020-09-16 16:28:52'),
(98, 'Facere est aspernatur eligendi nesciunt. Perferendis explicabo est ipsam molestiae vitae. Dolorem aut autem adipisci aut voluptas.', 34, 20, '2020-09-16 16:28:52', '2020-09-16 16:28:52'),
(99, 'Eveniet id hic architecto. Quis est cumque a neque recusandae quam aspernatur sit. Impedit porro voluptatem porro qui sequi atque similique officia.', 34, 183, '2020-09-16 16:28:52', '2020-09-16 16:28:52'),
(100, 'Voluptatem necessitatibus omnis quisquam est cupiditate. Praesentium atque qui quod id. Quidem neque nihil nemo officiis perferendis odit. Omnis exercitationem qui blanditiis iure quae voluptatem.', 35, 14, '2020-09-16 16:28:53', '2020-09-16 16:28:53'),
(101, 'Aut dignissimos quia recusandae ea officia quibusdam quis autem. Architecto aliquid non blanditiis. Id alias autem deleniti dignissimos. Possimus pariatur unde quos quo.', 35, 18, '2020-09-16 16:28:53', '2020-09-16 16:28:53'),
(102, 'Qui et occaecati unde nulla voluptatibus. Sit est asperiores aut eaque. Eaque mollitia laboriosam saepe quaerat ad veniam. Fugit impedit tempore qui at. Quis tenetur a qui accusantium tempore.', 35, 44, '2020-09-16 16:28:53', '2020-09-16 16:28:53'),
(103, 'Praesentium eum ut tempora vel. Et sit beatae est provident repellendus beatae perferendis. Rerum doloremque ipsum illum qui accusamus. Voluptatibus eum sed rem id iure officia quidem.', 36, 16, '2020-09-16 16:28:53', '2020-09-16 16:28:53'),
(104, 'Quidem aut velit aut architecto eos voluptates. Dolore id eum necessitatibus aperiam. Accusantium iusto dolorem veniam ut dicta qui dolor. Quis ut pariatur voluptatibus voluptatibus earum non. In placeat officia laboriosam quis.', 36, 72, '2020-09-16 16:28:53', '2020-09-16 16:28:53'),
(105, 'Sed excepturi tempora molestias nobis culpa rerum quia. Qui totam ex voluptates officia id. Iure sint et voluptatem nulla commodi et et.', 36, 106, '2020-09-16 16:28:53', '2020-09-16 16:28:53'),
(106, 'Non molestias placeat quia eos et. Officiis placeat et nihil corporis. Et amet expedita dolorem voluptate consectetur odit et. Recusandae reiciendis nostrum occaecati earum.', 37, 28, '2020-09-16 16:28:53', '2020-09-16 16:28:53'),
(107, 'Sequi eligendi asperiores architecto voluptatibus maiores ut qui. Aperiam dolorum distinctio et saepe dolorem dignissimos amet. Et aut molestiae et perferendis dignissimos rerum. A sed sint enim sit explicabo nihil rerum.', 37, 180, '2020-09-16 16:28:53', '2020-09-16 16:28:53'),
(108, 'Suscipit ut ipsam aut sapiente soluta autem sed. Rem tenetur temporibus quia. Dicta architecto sint cumque similique incidunt quisquam.', 37, 200, '2020-09-16 16:28:53', '2020-09-16 16:28:53'),
(109, 'Cumque nihil dolorem aperiam voluptatem fugiat debitis dolores. Laboriosam et accusamus dolor nobis molestiae et quam. Et soluta et provident vel.', 38, 46, '2020-09-16 16:28:53', '2020-09-16 16:28:53'),
(110, 'Placeat autem et nobis corrupti et rerum alias. Omnis quia dolor quasi modi quisquam perferendis consequatur. Reiciendis nam culpa molestiae consequuntur.', 38, 64, '2020-09-16 16:28:53', '2020-09-16 16:28:53'),
(111, 'In dolorem dicta atque architecto. Est cumque voluptatem aspernatur a soluta velit odio. Similique perferendis quibusdam aliquid vitae tempore. Consectetur nam necessitatibus et omnis.', 38, 172, '2020-09-16 16:28:53', '2020-09-16 16:28:53'),
(112, 'Aperiam culpa inventore pariatur optio. Qui dolores fugit nihil porro itaque. Nobis et architecto reiciendis iusto eum.', 39, 64, '2020-09-16 16:28:53', '2020-09-16 16:28:53'),
(113, 'Aut quos odit iste. Eveniet sed quisquam et ipsa nostrum quisquam. Error quia adipisci ducimus. Aspernatur aperiam occaecati suscipit mollitia at delectus.', 39, 83, '2020-09-16 16:28:53', '2020-09-16 16:28:53'),
(114, 'Sint necessitatibus facilis reiciendis omnis. Nemo culpa repellat velit amet nisi similique delectus. Placeat nisi eius expedita.', 39, 141, '2020-09-16 16:28:53', '2020-09-16 16:28:53'),
(115, 'Deserunt delectus qui quos aliquam sunt pariatur sunt. Non aspernatur atque consequatur rerum ut quia vero. Ullam at eius atque consectetur. Praesentium accusantium culpa pariatur omnis qui repudiandae.', 40, 60, '2020-09-16 16:28:53', '2020-09-16 16:28:53'),
(116, 'Explicabo quos corporis eaque consequatur veritatis dolorum facere. Dolore sint facilis ea sint quasi ea. Ad quia reprehenderit illo similique cum qui aut. Aliquam incidunt impedit hic distinctio tempora. Qui quia at illo rem pariatur et.', 40, 65, '2020-09-16 16:28:53', '2020-09-16 16:28:53'),
(117, 'Tenetur totam voluptatem est sed consequuntur quas nisi inventore. Odit et voluptatum architecto nulla hic sit pariatur minus. Explicabo est sunt enim voluptates.', 40, 203, '2020-09-16 16:28:53', '2020-09-16 16:28:53'),
(118, 'Dolor provident quia ab aut. Et voluptate aut quo dolore et quibusdam quis.', 41, 67, '2020-09-16 16:28:53', '2020-09-16 16:28:53'),
(119, 'Et pariatur et molestiae. In explicabo vero reprehenderit. Sequi sit aut tempora dolor aut. Labore fugit nihil minus saepe blanditiis voluptates qui.', 41, 126, '2020-09-16 16:28:53', '2020-09-16 16:28:53'),
(120, 'Accusantium iste sint hic aliquid maiores est est. Eveniet quia quos temporibus impedit. Dolor quisquam minima rerum itaque soluta.', 41, 162, '2020-09-16 16:28:53', '2020-09-16 16:28:53'),
(121, 'Nam et omnis et labore commodi id. Eum asperiores ut quia quod. Eligendi rem et voluptas dolorem est. Voluptatum ut quas et nisi non velit ut.', 42, 17, '2020-09-16 16:28:53', '2020-09-16 16:28:53'),
(122, 'Deleniti nisi sed eveniet quaerat ullam. Optio asperiores eum quis rerum. Labore corrupti minima deleniti eveniet odio dolores qui.', 42, 106, '2020-09-16 16:28:53', '2020-09-16 16:28:53'),
(123, 'Adipisci impedit voluptas occaecati. Voluptas eos aut et ab. Assumenda dolorem ipsam aperiam quas vero officiis. Molestiae quia sit dolorem quas repellendus accusamus deserunt. Vel eveniet eligendi totam sed dolores.', 42, 152, '2020-09-16 16:28:53', '2020-09-16 16:28:53'),
(124, 'Repudiandae suscipit commodi omnis est expedita perferendis est libero. Quidem labore quas et praesentium incidunt harum. Enim voluptates quae vel hic eum.', 43, 13, '2020-09-16 16:28:53', '2020-09-16 16:28:53'),
(125, 'Assumenda ipsum minima ut modi. Corrupti similique officiis dolor dolores quam omnis quia. Adipisci occaecati voluptas illum ut qui. Deleniti repellat voluptatum dolorum veritatis.', 43, 85, '2020-09-16 16:28:53', '2020-09-16 16:28:53'),
(126, 'Iste dolores veniam fugiat quaerat recusandae. Ea recusandae non necessitatibus at quaerat. Atque aspernatur quod ex sunt quasi qui.', 43, 196, '2020-09-16 16:28:53', '2020-09-16 16:28:53'),
(127, 'Qui iusto cupiditate quasi. Provident rerum rerum porro fugit accusantium. Quam non quo molestias beatae minus ut ut est.', 44, 85, '2020-09-16 16:28:53', '2020-09-16 16:28:53'),
(128, 'Tempore possimus veritatis molestiae. Id sint est blanditiis error dolores. Est incidunt facere ut non esse animi.', 44, 87, '2020-09-16 16:28:53', '2020-09-16 16:28:53'),
(129, 'Animi aut animi necessitatibus enim aut consequatur et dolor. Totam dicta labore a earum voluptas. Quisquam omnis quisquam officia et.', 44, 143, '2020-09-16 16:28:53', '2020-09-16 16:28:53'),
(130, 'Assumenda facilis repellat nam expedita. Deleniti ea facilis quisquam aspernatur unde. Adipisci sed ipsam quis hic.', 45, 9, '2020-09-16 16:28:54', '2020-09-16 16:28:54'),
(131, 'Modi quia consequatur qui consequuntur numquam perspiciatis. Distinctio ea quis et aut. Natus odio id quia nam sed dignissimos laudantium.', 45, 19, '2020-09-16 16:28:54', '2020-09-16 16:28:54'),
(132, 'Qui quaerat ratione eum. Consequatur porro voluptate ut et laboriosam. Omnis eum eaque ducimus tenetur maiores est ab. Non explicabo sed tenetur ipsa asperiores.', 45, 155, '2020-09-16 16:28:54', '2020-09-16 16:28:54'),
(133, 'Ad veritatis dolorem perspiciatis vel quia sequi aut. Dolore quisquam ut quaerat eum rerum sed. Similique harum autem atque architecto autem. Assumenda dolorem molestiae iste.', 46, 36, '2020-09-16 16:28:54', '2020-09-16 16:28:54'),
(134, 'Ut et enim quos esse officia omnis. Maiores accusantium molestiae sint omnis ex similique perspiciatis sit.', 46, 129, '2020-09-16 16:28:54', '2020-09-16 16:28:54'),
(135, 'Hic quia est qui. Sed omnis quis asperiores odio molestiae amet omnis nam. Laboriosam deleniti rerum consequatur qui. Id sed architecto magni et quia cupiditate ut. Cum aliquam est ea optio non.', 46, 136, '2020-09-16 16:28:54', '2020-09-16 16:28:54'),
(136, 'Occaecati quisquam alias nulla culpa et. Excepturi adipisci sit dolore dolores. Cupiditate illum deleniti facilis non excepturi qui. Reiciendis ipsa eos odio nihil harum in omnis velit.', 47, 38, '2020-09-16 16:28:54', '2020-09-16 16:28:54'),
(137, 'Aliquam et non tenetur dolorem natus nobis quisquam. Magni quo placeat est dolorem sint omnis ex. Perferendis repellendus aut eius sint. Et officia ad praesentium praesentium voluptatibus maxime quidem enim.', 47, 63, '2020-09-16 16:28:54', '2020-09-16 16:28:54'),
(138, 'Eum magni cumque veniam voluptas earum itaque est consequatur. Ut cumque itaque qui laudantium dolor fugiat hic. Aliquam repellendus qui dicta molestias quo.', 47, 179, '2020-09-16 16:28:54', '2020-09-16 16:28:54'),
(139, 'Doloremque maiores possimus molestias. Molestias nihil temporibus eius eveniet expedita nam. Pariatur laboriosam ea accusamus ducimus dolor.', 48, 16, '2020-09-16 16:28:54', '2020-09-16 16:28:54'),
(140, 'Illo voluptatem quae eveniet ad inventore. Ex quis aut veritatis perferendis. Iste sapiente nam rerum officia officia. Recusandae sed vitae nihil illo ullam.', 48, 164, '2020-09-16 16:28:54', '2020-09-16 16:28:54'),
(141, 'Est debitis distinctio amet veritatis sint culpa. Ab explicabo eaque ea nisi. Ea qui aspernatur non culpa et qui non.', 48, 184, '2020-09-16 16:28:54', '2020-09-16 16:28:54'),
(142, 'Non dolor fuga laudantium nam voluptatum dolor libero. Voluptatum nihil nihil reiciendis voluptate sed voluptatem explicabo omnis. Sunt ipsum corporis corporis sequi aperiam iusto. Molestias expedita veniam praesentium sunt autem necessitatibus qui itaque.', 49, 23, '2020-09-16 16:28:54', '2020-09-16 16:28:54'),
(143, 'Quia ipsam et eos excepturi. Voluptatibus enim laborum odit sunt nostrum est. Excepturi quas natus error ea.', 49, 55, '2020-09-16 16:28:54', '2020-09-16 16:28:54'),
(144, 'Dolorum corporis illum omnis tempora totam. Rerum et mollitia velit sed vero itaque. Eos cupiditate placeat molestias molestias velit quisquam tempora.', 49, 194, '2020-09-16 16:28:54', '2020-09-16 16:28:54'),
(145, 'Rerum voluptates officiis sunt velit. Vel sunt aperiam nisi non sint. Ut deserunt hic ad culpa. Temporibus aliquam qui reiciendis ipsam quidem.', 50, 83, '2020-09-16 16:28:54', '2020-09-16 16:28:54'),
(146, 'Consequatur placeat non voluptates repellendus eaque. Voluptatem eaque magni sed ut non et dolorum qui. Ut ea magni temporibus cum harum ut. Unde culpa at aut eos assumenda voluptatem architecto.', 50, 145, '2020-09-16 16:28:54', '2020-09-16 16:28:54'),
(147, 'Velit est eos sapiente animi aliquam deleniti. Sit consequatur distinctio harum recusandae corporis voluptas. Repudiandae reiciendis tempora autem blanditiis consequuntur quo praesentium nulla. Autem perferendis illo neque omnis esse et dolores ex.', 50, 162, '2020-09-16 16:28:54', '2020-09-16 16:28:54'),
(148, 'Molestiae illo excepturi et nostrum. Sit omnis repellat dolore eos. Est doloremque voluptas est in et. Eaque doloremque id beatae autem id a et. Autem laudantium quam ab optio excepturi laboriosam esse aut.', 51, 33, '2020-09-16 16:28:54', '2020-09-16 16:28:54'),
(149, 'Dolorem mollitia voluptatem repellat atque atque. Recusandae inventore voluptatem quia ipsam qui. Dolores odio repudiandae id consequuntur magni. Quam natus laudantium illo cupiditate laboriosam quia.', 51, 142, '2020-09-16 16:28:54', '2020-09-16 16:28:54'),
(150, 'Dolor eos sapiente reprehenderit rerum rerum officiis saepe. Consequatur rem iste accusantium rerum. Atque mollitia sint aut quae enim occaecati. Reprehenderit explicabo vel soluta esse fugit et voluptas.', 51, 152, '2020-09-16 16:28:54', '2020-09-16 16:28:54'),
(151, 'Voluptatum maiores esse aliquam adipisci enim quod. Rerum quia deleniti architecto facilis est eius.', 52, 24, '2020-09-16 16:28:54', '2020-09-16 16:28:54'),
(152, 'Vitae aut ea debitis accusantium soluta quasi. Quaerat nesciunt sed qui veniam qui. Ut molestias aut et aspernatur corporis voluptatem.', 52, 114, '2020-09-16 16:28:54', '2020-09-16 16:28:54'),
(153, 'Inventore autem autem et deserunt. Omnis tempora asperiores dignissimos velit ut. Totam tenetur et ad ut velit.', 52, 118, '2020-09-16 16:28:54', '2020-09-16 16:28:54'),
(154, 'Est rerum omnis voluptatem modi eum. Consequuntur dolores at qui dicta tempora libero. Atque sunt eveniet voluptatem culpa a ipsam. Dolorem sed adipisci fuga exercitationem omnis repudiandae aperiam. Fugit doloremque officiis rerum ducimus.', 53, 83, '2020-09-16 16:28:54', '2020-09-16 16:28:54'),
(155, 'Totam repellat asperiores voluptas est natus nesciunt nam. Sit dolorem praesentium dolorum veritatis. Nisi sunt dicta incidunt facere et cupiditate eum.', 53, 111, '2020-09-16 16:28:54', '2020-09-16 16:28:54'),
(156, 'Id ut officia corrupti. Adipisci tempora facere ut et asperiores aliquam qui a. Quaerat possimus omnis debitis voluptate quisquam illo odit.', 53, 126, '2020-09-16 16:28:54', '2020-09-16 16:28:54'),
(157, 'Aut odit eos explicabo incidunt doloribus maiores earum. Tempora non sed velit facilis. In aut aliquam aut iste voluptas perferendis explicabo minus. Qui omnis sunt voluptate maxime.', 54, 10, '2020-09-16 16:28:55', '2020-09-16 16:28:55'),
(158, 'Facilis dolor ut minus rerum. Numquam totam est aut ut iste ut molestias. Enim rerum impedit illum quaerat cupiditate aut aut.', 54, 41, '2020-09-16 16:28:55', '2020-09-16 16:28:55'),
(159, 'Molestiae nihil et rerum quas quia sequi suscipit libero. Autem deleniti rerum incidunt aut dolores ab et. Rerum quidem assumenda voluptatem mollitia distinctio sit. Mollitia commodi quae sed quis est ea accusamus ut.', 54, 96, '2020-09-16 16:28:55', '2020-09-16 16:28:55'),
(160, 'Doloribus nobis quia nobis quod quisquam. Magni consequuntur laboriosam qui aut. Placeat dolores et consequatur ipsum.', 55, 52, '2020-09-16 16:28:55', '2020-09-16 16:28:55'),
(161, 'Vitae velit provident accusamus. Nemo velit id aut quasi. Error hic et in nostrum porro omnis officia. Sunt enim ex esse voluptatibus atque accusamus totam.', 55, 89, '2020-09-16 16:28:55', '2020-09-16 16:28:55'),
(162, 'Voluptatem et aut nisi non repellendus dolorem quo quae. Blanditiis dolor itaque suscipit quos officiis quo vitae. Excepturi quibusdam rem omnis amet autem quod. Nemo laborum perspiciatis quo repudiandae vero quisquam et sequi.', 55, 135, '2020-09-16 16:28:55', '2020-09-16 16:28:55'),
(163, 'Ut minus assumenda et unde veniam dolorem. Aut consequatur corporis sunt dolores. Odio placeat magnam optio sunt qui. Numquam vitae quae laboriosam facilis est nesciunt.', 56, 83, '2020-09-16 16:28:55', '2020-09-16 16:28:55'),
(164, 'Dignissimos atque voluptate similique natus corrupti totam deserunt accusamus. Sunt eos molestias aut et non facere. Harum vel alias corporis odit velit. Velit nisi harum quia voluptatibus sequi ut eveniet.', 56, 105, '2020-09-16 16:28:55', '2020-09-16 16:28:55'),
(165, 'Asperiores commodi et a quos eum magni cumque placeat. Soluta vel natus sit eum et beatae nam ut. Ut dolor officia nulla pariatur. Quia voluptas veritatis amet ea iste.', 56, 171, '2020-09-16 16:28:55', '2020-09-16 16:28:55'),
(166, 'Inventore delectus dolores dolor odit. Quibusdam praesentium quia provident. Quae numquam sed sit eius dolores. Quidem dignissimos repudiandae quo consequatur quod.', 57, 52, '2020-09-16 16:28:55', '2020-09-16 16:28:55'),
(167, 'Mollitia possimus aut dolorem commodi. Debitis dolorem assumenda aut error mollitia. Magnam consequatur molestiae consectetur. Ex quia animi temporibus et inventore ullam aut autem.', 57, 95, '2020-09-16 16:28:55', '2020-09-16 16:28:55'),
(168, 'Quasi voluptatum nihil aliquam laboriosam dignissimos alias. Cupiditate enim accusamus et. Delectus iure omnis quia sed.', 57, 182, '2020-09-16 16:28:55', '2020-09-16 16:28:55'),
(169, 'Ducimus blanditiis voluptatibus ut qui et nam. Tempore veniam necessitatibus dolor dolor fuga voluptas. Voluptatem ab error et officiis labore error.', 58, 24, '2020-09-16 16:28:55', '2020-09-16 16:28:55'),
(170, 'Et esse et vel expedita ipsam repellat. Asperiores ut quia id neque laudantium sit iusto. Assumenda quaerat ad aut ut consequatur qui a.', 58, 54, '2020-09-16 16:28:55', '2020-09-16 16:28:55'),
(171, 'Et aperiam expedita ut qui eligendi. Enim possimus eum aut velit odio sit eum omnis. Voluptatem quasi voluptas amet dolores molestias porro ut. Nisi consequatur dolores rerum dolorem quod ducimus sint porro.', 58, 71, '2020-09-16 16:28:55', '2020-09-16 16:28:55'),
(172, 'Quo eveniet est dolor ea provident tempora minus est. At recusandae debitis deleniti doloremque facilis reiciendis distinctio. Sequi ipsam omnis eum harum qui aperiam.', 59, 86, '2020-09-16 16:28:56', '2020-09-16 16:28:56'),
(173, 'Eos tempore id praesentium voluptatem. Officiis vero ullam ex enim sint. Iusto assumenda neque occaecati esse aspernatur animi eum. Doloribus suscipit voluptas minus minima et minus.', 59, 165, '2020-09-16 16:28:56', '2020-09-16 16:28:56'),
(174, 'Voluptas ut ea exercitationem molestias quia. Ut sint quidem eius est et dignissimos. Ut non totam iusto dicta quo sed molestias. Commodi consectetur nam ipsam dolor consectetur laboriosam.', 59, 171, '2020-09-16 16:28:56', '2020-09-16 16:28:56'),
(175, 'Explicabo libero commodi asperiores est error quia ea error. Repellendus unde qui ea officiis labore. Nobis eum commodi quod consectetur est voluptatem.', 60, 32, '2020-09-16 16:28:56', '2020-09-16 16:28:56'),
(176, 'Nisi voluptatem minus aut rerum atque voluptas a. Occaecati quia aut quasi cum. Accusantium perferendis distinctio qui laboriosam perferendis deleniti soluta reiciendis. Vitae accusantium officiis exercitationem qui fugiat eaque.', 60, 105, '2020-09-16 16:28:56', '2020-09-16 16:28:56'),
(177, 'Fugiat ut sequi pariatur nobis et. Reiciendis distinctio labore quidem animi dolor. Mollitia dolor et atque ea.', 60, 173, '2020-09-16 16:28:56', '2020-09-16 16:28:56'),
(178, 'Sit pariatur voluptatum ad consequatur animi qui. Error nam consequatur ullam odit. Laboriosam iste voluptas atque et qui debitis voluptas. Distinctio consectetur dolor neque et aut ratione officia.', 61, 29, '2020-09-16 16:28:56', '2020-09-16 16:28:56'),
(179, 'In atque cupiditate dicta est et. Facere ipsa et ut qui quis quas ut. Et repellendus neque illo laborum aspernatur at error soluta. Id repellendus consectetur beatae sed facilis.', 61, 73, '2020-09-16 16:28:56', '2020-09-16 16:28:56'),
(180, 'Pariatur dolore omnis sit. Vero quis aliquid libero vel maiores laborum in. Cupiditate et et amet ea iure natus amet. Quam quis explicabo iusto repellendus excepturi laboriosam asperiores sed.', 61, 98, '2020-09-16 16:28:56', '2020-09-16 16:28:56'),
(181, 'Rerum saepe doloremque blanditiis error amet nostrum. Quia suscipit ut commodi deserunt eius placeat consequatur magni.', 62, 44, '2020-09-16 16:28:56', '2020-09-16 16:28:56'),
(182, 'Nemo tenetur in enim nam consequuntur quaerat vel. Nesciunt et alias officiis provident quos hic qui id. Ea similique sunt sit officiis. In in dignissimos laboriosam illum commodi rerum excepturi.', 62, 85, '2020-09-16 16:28:56', '2020-09-16 16:28:56'),
(183, 'Ut voluptatem iure quasi. Vitae amet hic aut qui voluptatum corporis.', 62, 191, '2020-09-16 16:28:56', '2020-09-16 16:28:56'),
(184, 'Vel modi aut veritatis perspiciatis aperiam non. Voluptatem aliquam sapiente qui. Officia eum voluptas consequatur aut nemo architecto quidem officiis.', 63, 48, '2020-09-16 16:28:56', '2020-09-16 16:28:56'),
(185, 'Aut occaecati voluptatem laboriosam saepe in consequatur eius architecto. Autem est ullam atque libero. Nihil consequuntur ducimus dolores nisi saepe.', 63, 74, '2020-09-16 16:28:56', '2020-09-16 16:28:56'),
(186, 'Voluptates ducimus quia quae quasi dolore saepe consequatur. Aliquid dicta esse earum quod omnis commodi dolorem. Fugit ducimus aliquid tempora dolore.', 63, 172, '2020-09-16 16:28:56', '2020-09-16 16:28:56'),
(187, 'Non aspernatur quaerat a optio itaque sit sit. Soluta quia minima facilis totam quibusdam est. Laborum velit alias asperiores nisi quaerat qui. Magni repellat sit ut aut enim.', 64, 81, '2020-09-16 16:28:56', '2020-09-16 16:28:56'),
(188, 'Sit voluptatem aliquid vel facilis expedita fugit. Voluptas libero totam id nobis quo voluptatem maiores. Voluptate natus eos repellat quis aspernatur veritatis.', 64, 85, '2020-09-16 16:28:56', '2020-09-16 16:28:56'),
(189, 'Reiciendis tempora placeat debitis rerum. Magnam neque quo natus. Omnis nesciunt ut officiis omnis et. Perspiciatis architecto dolores modi.', 64, 155, '2020-09-16 16:28:56', '2020-09-16 16:28:56'),
(190, 'Autem dolor placeat autem dolores non nam perferendis. Minus molestias autem et consectetur quasi ut debitis sunt. Autem adipisci deleniti qui neque unde. Dolor veritatis voluptatem dolorum ut odio.', 65, 100, '2020-09-16 16:28:56', '2020-09-16 16:28:56'),
(191, 'Ab tenetur ut dolores est illum animi odio. Temporibus id vel aut dicta aut provident a sed. Debitis iusto laboriosam nobis aperiam suscipit. Aspernatur repellendus dolores atque deserunt rerum.', 65, 103, '2020-09-16 16:28:56', '2020-09-16 16:28:56'),
(192, 'Nobis est velit et rerum maxime et. Quod pariatur quaerat voluptatem voluptatem consectetur et et ut. Maiores non porro pariatur ea sequi inventore voluptatibus animi.', 65, 120, '2020-09-16 16:28:56', '2020-09-16 16:28:56'),
(193, 'Maxime vel est quo omnis. Rerum sit vel dicta porro. Voluptatum ratione officiis nihil ab cumque. Iste ullam aut occaecati alias.', 66, 142, '2020-09-16 16:28:56', '2020-09-16 16:28:56'),
(194, 'Amet quia et repudiandae voluptatum laboriosam. Et temporibus dolores aut et. Earum error iure facere.', 66, 177, '2020-09-16 16:28:56', '2020-09-16 16:28:56'),
(195, 'Voluptatem reprehenderit tempora quas sed qui sed laudantium illo. Dolorem facere quas aut nostrum similique. Delectus quo laboriosam molestiae illo modi ipsa. Non aut sit eaque vitae odio excepturi eos.', 66, 180, '2020-09-16 16:28:56', '2020-09-16 16:28:56'),
(196, 'Ex aut enim numquam vero rerum. Quibusdam et sit impedit et vel. Ea occaecati accusantium at unde aperiam saepe. Aut magnam dolor eaque in laborum omnis quam.', 67, 17, '2020-09-16 16:28:56', '2020-09-16 16:28:56'),
(197, 'Et ipsam et et error consequuntur inventore. Quos officiis ad dolorem perspiciatis.', 67, 74, '2020-09-16 16:28:56', '2020-09-16 16:28:56'),
(198, 'Voluptas consequatur ex exercitationem. Ratione voluptatibus ea quod dolorem at numquam illo. Numquam non totam nisi tenetur occaecati sequi ad enim. Voluptatibus eius earum expedita optio beatae.', 67, 81, '2020-09-16 16:28:56', '2020-09-16 16:28:56'),
(199, 'Reprehenderit non et et temporibus. Provident rerum enim iure est. Voluptate corrupti rerum quasi totam suscipit. Aperiam omnis accusamus cum rem cumque eos.', 68, 129, '2020-09-16 16:28:56', '2020-09-16 16:28:56'),
(200, 'Sint vel autem quia quae quo ipsum. Quidem ut dolor maiores. Vel perspiciatis nesciunt omnis architecto.', 68, 144, '2020-09-16 16:28:57', '2020-09-16 16:28:57'),
(201, 'Sunt qui maxime atque est consequuntur asperiores esse. Dolor atque est qui et et. Et fuga ducimus consequatur atque. Nobis voluptatem aut aut saepe vero.', 68, 167, '2020-09-16 16:28:57', '2020-09-16 16:28:57'),
(202, 'Iure aspernatur aperiam iste non totam quia. Consequatur rem asperiores veritatis eos. Omnis excepturi dolor voluptas sequi sit.', 69, 23, '2020-09-16 16:28:57', '2020-09-16 16:28:57'),
(203, 'Suscipit iste ut dolores excepturi rerum. Fugiat sed in doloribus id temporibus. Esse et vero magnam eligendi et consequatur corporis. Praesentium sunt occaecati enim ut.', 69, 140, '2020-09-16 16:28:57', '2020-09-16 16:28:57'),
(204, 'Odit molestiae ipsum ab veritatis molestiae eaque a. Dolore id ratione qui saepe qui consequatur qui. Consequatur debitis quia quo accusantium ex.', 69, 179, '2020-09-16 16:28:57', '2020-09-16 16:28:57'),
(205, 'Ipsa quae delectus porro minima et. Omnis ut tempore aut ut aperiam. Sint pariatur voluptas omnis explicabo nisi. Repellendus iusto ipsum nobis ratione nostrum.', 70, 28, '2020-09-16 16:28:57', '2020-09-16 16:28:57'),
(206, 'Occaecati iusto et quo nesciunt. Ratione enim eum amet impedit voluptate pariatur. Totam perspiciatis totam debitis rerum.', 70, 53, '2020-09-16 16:28:57', '2020-09-16 16:28:57'),
(207, 'Reprehenderit in possimus dicta et labore nobis molestias. Similique sit ut ullam ea nobis commodi praesentium. Molestiae dolorem et beatae dolorem sit eaque. Minima ducimus nemo id dolorum est. Asperiores ullam qui fuga sapiente magni libero facere reprehenderit.', 70, 64, '2020-09-16 16:28:57', '2020-09-16 16:28:57'),
(208, 'Harum consequatur nihil delectus quisquam quidem est. Necessitatibus nisi est dolore ratione quas. Eos aut rerum quo sit. Nam magni est deleniti sed repudiandae.', 71, 12, '2020-09-16 16:28:57', '2020-09-16 16:28:57'),
(209, 'Sit qui voluptatem et. Quisquam veniam ut sequi ea temporibus beatae. Odit quis id totam quis exercitationem assumenda.', 71, 115, '2020-09-16 16:28:57', '2020-09-16 16:28:57'),
(210, 'Veritatis architecto dolores quia debitis minima fugiat consequuntur. Voluptatem laborum ab cupiditate culpa fugiat sit inventore.', 71, 177, '2020-09-16 16:28:57', '2020-09-16 16:28:57'),
(211, 'Et qui suscipit impedit animi consequatur minima. Distinctio aut aut eveniet modi rem voluptates. Minima beatae ut dicta animi eligendi. Temporibus qui aperiam aperiam deleniti repellendus vero asperiores qui.', 72, 94, '2020-09-16 16:28:57', '2020-09-16 16:28:57'),
(212, 'Eos odit et sit assumenda ab. Aut perspiciatis repellendus a perferendis sed. Delectus et ullam nihil numquam corporis. Adipisci omnis minus ad sequi tempore non aut. Dolores magni consequatur quaerat id.', 72, 126, '2020-09-16 16:28:57', '2020-09-16 16:28:57'),
(213, 'Dolor voluptates qui quisquam nam facilis. Nihil minus numquam nesciunt pariatur odit. Et qui enim rerum qui. Facilis eum facilis voluptate. Sed nemo sunt omnis.', 72, 200, '2020-09-16 16:28:57', '2020-09-16 16:28:57'),
(214, 'Recusandae sapiente perferendis dolorem voluptas temporibus. Adipisci beatae id magnam quo aperiam praesentium qui. Velit molestiae et repellendus minima ea non.', 73, 114, '2020-09-16 16:28:57', '2020-09-16 16:28:57'),
(215, 'Repellat in assumenda vitae expedita asperiores blanditiis. In corrupti ut sed rerum quaerat. Error possimus quod quas ipsum itaque rerum.', 73, 168, '2020-09-16 16:28:57', '2020-09-16 16:28:57'),
(216, 'Consequatur dolores qui est assumenda est illo repudiandae. Quaerat non rerum dolorem sed. Aperiam porro aut saepe fugiat reprehenderit non.', 73, 176, '2020-09-16 16:28:57', '2020-09-16 16:28:57'),
(217, 'Officia laboriosam amet voluptas qui ea rerum soluta ea. Fugit a et maxime autem eligendi. Et reprehenderit facere minima et.', 74, 50, '2020-09-16 16:28:57', '2020-09-16 16:28:57'),
(218, 'Occaecati et molestias tenetur libero laudantium minima eos. Explicabo sed animi molestiae quisquam labore enim. Nobis omnis quia dolorem rerum dolorem magni et. Placeat a odio aliquam odio.', 74, 64, '2020-09-16 16:28:57', '2020-09-16 16:28:57'),
(219, 'Sint harum iure et mollitia accusamus occaecati. Ipsam nemo ut adipisci incidunt mollitia laborum. Accusantium sit est magnam dignissimos blanditiis qui recusandae.', 74, 196, '2020-09-16 16:28:57', '2020-09-16 16:28:57'),
(220, 'Quia amet cum consectetur quam officia tenetur. Officiis beatae perspiciatis optio voluptas.', 75, 57, '2020-09-16 16:28:57', '2020-09-16 16:28:57'),
(221, 'Architecto nam voluptatem fugiat ea. Quae nemo velit quasi et sit voluptatem perferendis sed. Repudiandae eaque dolor quisquam ad quis vel voluptatem. Debitis amet quas amet suscipit.', 75, 95, '2020-09-16 16:28:57', '2020-09-16 16:28:57'),
(222, 'Est perferendis optio dolores. Qui ut dolorem neque inventore dolorem. Voluptas nobis dicta earum. Non qui consectetur perspiciatis dicta consequatur.', 75, 101, '2020-09-16 16:28:57', '2020-09-16 16:28:57'),
(223, 'Id deleniti perspiciatis voluptatum laboriosam architecto molestias nostrum. Consequatur dolorem esse aut qui sapiente quasi praesentium. Earum reprehenderit fugiat quos repellendus et deserunt ut delectus. Et quidem accusamus sint.', 76, 54, '2020-09-16 16:28:57', '2020-09-16 16:28:57'),
(224, 'Nemo quibusdam qui corrupti cum. In quas exercitationem et veritatis. Non ea veritatis quis et. Rerum quibusdam dolorum quod eum explicabo blanditiis.', 76, 87, '2020-09-16 16:28:57', '2020-09-16 16:28:57'),
(225, 'Nostrum non repellendus aliquam velit libero velit. Provident sed tempore corrupti dolorum asperiores. Temporibus doloribus quis modi explicabo quod ut et ipsum.', 76, 188, '2020-09-16 16:28:57', '2020-09-16 16:28:57'),
(226, 'Ut totam aut non voluptatem maiores. Harum voluptatem atque officia id. Voluptas tenetur in natus omnis voluptatibus dolores.', 77, 29, '2020-09-16 16:28:57', '2020-09-16 16:28:57');
INSERT INTO `medicament_selecteds` (`id`, `description`, `id_order`, `id_medicament`, `created_at`, `updated_at`) VALUES
(227, 'Eum cumque omnis assumenda reprehenderit voluptates porro. Sapiente numquam enim animi quo. Aut quae laboriosam quia nesciunt. Reiciendis quis maiores in impedit accusantium cumque molestias.', 77, 106, '2020-09-16 16:28:57', '2020-09-16 16:28:57'),
(228, 'Ut sint et quas error. Et est quam omnis alias. Qui vel nihil ut earum qui. Et eius sapiente et corrupti dolorem.', 77, 190, '2020-09-16 16:28:57', '2020-09-16 16:28:57'),
(229, 'Iste ad illum natus aut. Ut et debitis dolorem eos ea sunt illo rerum.', 78, 72, '2020-09-16 16:28:57', '2020-09-16 16:28:57'),
(230, 'Repellendus quo corrupti at autem rem expedita. In recusandae sapiente qui quisquam officia.', 78, 131, '2020-09-16 16:28:57', '2020-09-16 16:28:57'),
(231, 'Quos debitis aut ipsam nostrum natus. Autem rerum voluptatibus voluptatem rerum commodi aliquam sed. Ab quas adipisci ratione sit.', 78, 136, '2020-09-16 16:28:57', '2020-09-16 16:28:57'),
(232, 'Sed aperiam tenetur quaerat qui reiciendis. Expedita qui nihil architecto id qui. Quos ipsam animi ipsa laborum nobis deserunt voluptatum tempora.', 79, 4, '2020-09-16 16:28:57', '2020-09-16 16:28:57'),
(233, 'Earum incidunt voluptatem architecto. Nihil rerum vel cupiditate cupiditate nobis. Tenetur architecto corrupti aspernatur commodi sit beatae cum. Optio tempora quia officia aut aut aut.', 79, 122, '2020-09-16 16:28:57', '2020-09-16 16:28:57'),
(234, 'Aut quo aliquid porro qui dolorum ipsam magnam. Et dolor dolore quos temporibus id aut. Iste distinctio vero error natus. Vel sed et corporis. Maiores accusantium quo aut.', 79, 171, '2020-09-16 16:28:57', '2020-09-16 16:28:57'),
(235, 'Aspernatur non soluta quia qui. Voluptatibus qui consequatur nobis. Explicabo vitae delectus beatae consequatur rerum. Minus consectetur aut deleniti excepturi quis nemo.', 80, 131, '2020-09-16 16:28:57', '2020-09-16 16:28:57'),
(236, 'Eos quisquam sed distinctio nam sunt doloremque. Nam et quia quidem earum tenetur.', 80, 171, '2020-09-16 16:28:57', '2020-09-16 16:28:57'),
(237, 'Quaerat sint ullam rerum doloribus sit. Aliquam in ea fugit sunt perspiciatis iste dolores. Reprehenderit ut rerum pariatur cum ut.', 80, 202, '2020-09-16 16:28:57', '2020-09-16 16:28:57'),
(238, 'Maiores quo deleniti qui error. Sint saepe aut quia deserunt ab ut. Voluptatum officia similique error ab. Quo porro nesciunt voluptatem et maiores repellendus.', 81, 31, '2020-09-16 16:28:58', '2020-09-16 16:28:58'),
(239, 'Ducimus perspiciatis est in omnis deleniti nobis quisquam dolores. Non est sit accusamus nam alias non. Consectetur perspiciatis excepturi aut et id corrupti. Cum molestiae natus officiis.', 81, 172, '2020-09-16 16:28:58', '2020-09-16 16:28:58'),
(240, 'Non omnis dolor eius. Praesentium ut sint enim praesentium tempora et. Veniam non quod quibusdam eum quasi. Esse accusantium consequatur sunt cupiditate tenetur eligendi sit.', 81, 191, '2020-09-16 16:28:58', '2020-09-16 16:28:58'),
(241, 'Beatae enim aliquid illum eligendi molestiae quisquam. Quo voluptate qui sint vel. Consequatur id voluptatem id ea occaecati sit. Dolore omnis et sint temporibus fugiat iusto.', 82, 43, '2020-09-16 16:28:58', '2020-09-16 16:28:58'),
(242, 'Possimus molestias natus nihil nihil earum et quas. Officia dolore sed quis saepe error incidunt doloremque. Aut iure voluptates voluptatem eaque molestiae aperiam. Incidunt placeat similique et possimus error.', 82, 65, '2020-09-16 16:28:58', '2020-09-16 16:28:58'),
(243, 'Dolor praesentium error sed nam. Ut optio delectus accusantium quos. Aut consequatur qui dolor molestiae error debitis praesentium. Est provident ipsam deserunt nobis ratione. Et quae id at.', 82, 200, '2020-09-16 16:28:58', '2020-09-16 16:28:58'),
(244, 'Assumenda ea sequi et sunt minima molestiae porro quo. Vel odit dignissimos aperiam alias laudantium laudantium. Consequatur repellendus maiores hic quos corrupti ducimus. Inventore est veritatis necessitatibus quia sint impedit molestias.', 83, 49, '2020-09-16 16:28:58', '2020-09-16 16:28:58'),
(245, 'Error ullam officia ut ducimus soluta optio et culpa. Ea ab minus cumque omnis dolor omnis iste. Quis natus aliquid voluptas est minima exercitationem.', 83, 99, '2020-09-16 16:28:58', '2020-09-16 16:28:58'),
(246, 'Dolorem qui quis assumenda. Illum fugit aut ut hic pariatur. Adipisci et qui labore molestias. Id totam explicabo voluptas in.', 83, 124, '2020-09-16 16:28:58', '2020-09-16 16:28:58'),
(247, 'Sint molestias enim culpa ipsa culpa. Ullam quisquam voluptatem ipsa in. Quia tempora ex placeat minima ut vitae dicta. Blanditiis voluptatem veritatis corrupti autem autem iste. Vitae asperiores animi iusto omnis consequatur quasi.', 84, 57, '2020-09-16 16:28:58', '2020-09-16 16:28:58'),
(248, 'Reiciendis voluptatem reiciendis eaque et ab dolorem debitis enim. Sed vitae sunt dolorum et quod quia ipsam totam. Voluptatem nobis tempore tenetur saepe blanditiis autem. Qui aut ea corrupti aut doloribus aut temporibus.', 84, 87, '2020-09-16 16:28:58', '2020-09-16 16:28:58'),
(249, 'Et quia enim rerum in. Quod est delectus aut nemo placeat. Quo autem enim dolorem velit. Dolorem corrupti consequuntur doloribus nobis odio.', 84, 192, '2020-09-16 16:28:58', '2020-09-16 16:28:58'),
(250, 'Recusandae qui quis corporis eos eius velit unde. Sit facilis excepturi dolores labore porro expedita adipisci consequuntur. Fugit cum voluptatibus voluptas voluptatibus quia voluptas quia. Explicabo illo suscipit nihil tenetur sit natus. Asperiores consequatur quasi fuga ut et et.', 85, 143, '2020-09-16 16:28:58', '2020-09-16 16:28:58'),
(251, 'Ea dolorem quia quam nulla autem molestias labore. Ipsam est praesentium et vel unde nemo quo. Et maiores est aliquid eum. In sed culpa qui tempora quis ea voluptate.', 85, 159, '2020-09-16 16:28:58', '2020-09-16 16:28:58'),
(252, 'Debitis laudantium ipsum exercitationem. Nulla dolores dolor enim. Quaerat deserunt qui omnis dicta.', 85, 201, '2020-09-16 16:28:58', '2020-09-16 16:28:58'),
(253, 'Laboriosam dolorem quod esse aliquam et debitis. Numquam qui neque velit qui possimus.', 86, 29, '2020-09-16 16:28:58', '2020-09-16 16:28:58'),
(254, 'Ratione molestias ut doloremque necessitatibus fuga molestiae. Neque optio quia neque repellendus ratione accusantium aspernatur quibusdam. Numquam tempora est aut voluptates alias dolore.', 86, 47, '2020-09-16 16:28:58', '2020-09-16 16:28:58'),
(255, 'Quia quia quas molestias ut vero ipsam. Voluptatibus ea voluptatem nihil inventore quaerat iure est. Facilis odio quasi fugit molestias tempore.', 86, 147, '2020-09-16 16:28:58', '2020-09-16 16:28:58'),
(256, 'Officiis est illum et nam magnam vero et et. Illum repudiandae natus temporibus eligendi minima. Qui et incidunt omnis voluptate. Est natus delectus optio dolorem sit cum dolor.', 87, 8, '2020-09-16 16:28:58', '2020-09-16 16:28:58'),
(257, 'Asperiores nulla quaerat vel rerum dolor ipsam magnam. Et quaerat libero optio ratione magni. Officiis sunt minus et. Voluptas et architecto quia porro voluptas.', 87, 11, '2020-09-16 16:28:58', '2020-09-16 16:28:58'),
(258, 'Adipisci illum reprehenderit amet et. Aspernatur aliquid eos sequi est aut quos. Laboriosam iusto cupiditate quia ipsam hic sint quo. Corporis odio voluptates molestias eius tenetur.', 87, 56, '2020-09-16 16:28:58', '2020-09-16 16:28:58'),
(259, 'Tenetur non inventore omnis rerum aliquam ad. Voluptatem quo illum quo autem corrupti. Magnam similique iste est dolorem ex est.', 88, 2, '2020-09-16 16:28:58', '2020-09-16 16:28:58'),
(260, 'Aut possimus explicabo culpa consequatur magnam. Qui inventore unde est illum. Eveniet exercitationem rerum numquam. Suscipit id soluta est molestias ea qui accusantium sunt.', 88, 32, '2020-09-16 16:28:58', '2020-09-16 16:28:58'),
(261, 'Error molestias quae et at et. Nihil quia eaque doloribus qui quibusdam. Quia molestiae quidem ut. Perspiciatis dolorem vel est voluptatibus nemo consequuntur.', 88, 119, '2020-09-16 16:28:58', '2020-09-16 16:28:58'),
(262, 'Odit soluta molestiae eaque magnam quo. Earum minima consectetur velit quis voluptas et. Repellendus enim voluptate eos iure ut earum.', 89, 58, '2020-09-16 16:28:58', '2020-09-16 16:28:58'),
(263, 'Officia necessitatibus non velit. Esse aliquid tempore rerum ut.', 89, 106, '2020-09-16 16:28:59', '2020-09-16 16:28:59'),
(264, 'Quisquam harum enim exercitationem provident iste. In magnam id voluptas quis. Aut consequatur vitae dolor saepe.', 89, 133, '2020-09-16 16:28:59', '2020-09-16 16:28:59'),
(265, 'Autem consectetur provident aliquid expedita pariatur. Tempore expedita officiis voluptatibus sequi dignissimos. Beatae pariatur non voluptatibus odio blanditiis tenetur earum. Aperiam eius qui dolores necessitatibus nostrum qui fugiat.', 90, 39, '2020-09-16 16:28:59', '2020-09-16 16:28:59'),
(266, 'Sunt recusandae sed quo repellendus distinctio tenetur dolorem sed. Corporis iusto aut dicta quas facere sint sequi. Omnis voluptas voluptas ex eum velit nulla excepturi. Ea ut voluptatum incidunt vel velit.', 90, 41, '2020-09-16 16:28:59', '2020-09-16 16:28:59'),
(267, 'Rerum quis ducimus est doloremque. Delectus laudantium dolorum hic velit. Excepturi doloribus quisquam a autem nihil. Veritatis minus quis modi magnam cumque impedit. Eum earum quos eaque facilis soluta.', 90, 133, '2020-09-16 16:28:59', '2020-09-16 16:28:59'),
(268, 'Aspernatur qui eum eos beatae accusantium quidem. Fugit quod animi minima. Quia explicabo blanditiis totam numquam nostrum molestias et in.', 91, 22, '2020-09-16 16:28:59', '2020-09-16 16:28:59'),
(269, 'Facilis perferendis aut veritatis nesciunt. Voluptatum rerum alias et aliquid in. Nobis et doloribus enim debitis fugit deserunt.', 91, 171, '2020-09-16 16:28:59', '2020-09-16 16:28:59'),
(270, 'Ipsum aliquam molestiae aspernatur voluptates. Suscipit ducimus eligendi sed facere. Sit quisquam ducimus quia qui accusamus illo. Doloribus quo pariatur deserunt nobis et quos aut.', 91, 197, '2020-09-16 16:28:59', '2020-09-16 16:28:59'),
(271, 'Ut id ab et aliquam laudantium est. Dolor suscipit repellat iure mollitia voluptate. Corporis neque dolor voluptatem ducimus esse.', 92, 103, '2020-09-16 16:28:59', '2020-09-16 16:28:59'),
(272, 'Culpa voluptatem voluptates ut. Doloremque recusandae rerum necessitatibus consequuntur cum. Aperiam quibusdam delectus consequuntur dolorum.', 92, 105, '2020-09-16 16:28:59', '2020-09-16 16:28:59'),
(273, 'Qui animi asperiores qui. Architecto dignissimos qui repudiandae repellendus saepe non qui laudantium. Suscipit minus praesentium accusamus aut iusto nobis.', 92, 164, '2020-09-16 16:28:59', '2020-09-16 16:28:59'),
(274, 'Et et eum consequatur fugiat tenetur neque. Et impedit quod blanditiis nihil dicta quibusdam. Non consequatur veritatis non voluptatem quaerat nam tempora. Fuga omnis sequi reprehenderit maiores beatae.', 93, 4, '2020-09-16 16:28:59', '2020-09-16 16:28:59'),
(275, 'Dolorum sit nemo est omnis numquam quia eveniet qui. Qui quod explicabo voluptatem ut optio blanditiis. Ex placeat fugiat sapiente quidem. Expedita libero eos repellendus quis omnis velit.', 93, 131, '2020-09-16 16:28:59', '2020-09-16 16:28:59'),
(276, 'Dignissimos reprehenderit excepturi sed dolor excepturi sit. Non vitae tempore eos alias cupiditate. Consequatur fugit blanditiis aut culpa.', 93, 168, '2020-09-16 16:28:59', '2020-09-16 16:28:59'),
(277, 'Eius vel aut modi omnis. Sunt voluptatem veniam natus ipsam reprehenderit neque minus. Rerum ipsum aliquam tenetur aut exercitationem. Eos sequi incidunt eos quia dolorem.', 94, 70, '2020-09-16 16:28:59', '2020-09-16 16:28:59'),
(278, 'Veritatis sunt voluptas sequi nostrum consequatur. Qui quis beatae perspiciatis. Minus aut libero quam qui. Nihil illum at iusto sapiente harum dolorem.', 94, 116, '2020-09-16 16:28:59', '2020-09-16 16:28:59'),
(279, 'Aperiam commodi doloribus sint eum voluptatibus voluptatibus. Fuga aspernatur quis explicabo delectus consequatur cum rem. Eveniet et alias ut nesciunt quis quod aut numquam.', 94, 167, '2020-09-16 16:28:59', '2020-09-16 16:28:59'),
(280, 'Numquam necessitatibus quia a cumque cum vero. Iure illo corrupti illum unde et reprehenderit. Quia eveniet quia et pariatur et et tenetur eum.', 95, 87, '2020-09-16 16:28:59', '2020-09-16 16:28:59'),
(281, 'Quia et aut laborum et. Corporis iusto minima quibusdam voluptatem eos. Et occaecati quia perspiciatis nesciunt minus doloremque sit. Quam vero id dicta ad nostrum dolor.', 95, 122, '2020-09-16 16:28:59', '2020-09-16 16:28:59'),
(282, 'Quam magnam blanditiis quibusdam eaque et harum sunt quibusdam. Esse atque voluptas est dolorem repellat sit sed. Aspernatur saepe quia qui dolore illum nostrum nam quae. Corrupti velit accusamus sed ut dignissimos eum tenetur.', 95, 131, '2020-09-16 16:28:59', '2020-09-16 16:28:59'),
(283, 'Et cum libero ducimus exercitationem ut eaque. Dolorem eum dolorem perspiciatis exercitationem.', 96, 25, '2020-09-16 16:28:59', '2020-09-16 16:28:59'),
(284, 'Voluptatem totam qui facilis delectus ipsum. Non eius sit architecto dolor nihil voluptates. Dolorem illum omnis unde est omnis tempore vitae.', 96, 88, '2020-09-16 16:28:59', '2020-09-16 16:28:59'),
(285, 'Dolorum eum illum totam repellendus. Vel modi animi nesciunt.', 96, 151, '2020-09-16 16:28:59', '2020-09-16 16:28:59'),
(286, 'Natus qui fuga sint voluptatum. Aliquam vel et nam dignissimos quasi placeat alias. Eligendi nihil maxime debitis praesentium.', 97, 51, '2020-09-16 16:28:59', '2020-09-16 16:28:59'),
(287, 'Praesentium et ea esse quo deserunt ea id. Ad voluptatem aut et sequi. Qui voluptas enim vitae magni. Nobis quibusdam nesciunt expedita quibusdam culpa deserunt quia.', 97, 58, '2020-09-16 16:28:59', '2020-09-16 16:28:59'),
(288, 'Optio necessitatibus aut in repellendus sed rerum asperiores. Enim quaerat amet modi modi odio non. Aut cum quasi eos neque perspiciatis. Dolorem enim consequatur sit corrupti laborum alias.', 97, 155, '2020-09-16 16:28:59', '2020-09-16 16:28:59'),
(289, 'Ipsum soluta placeat quae est quia. Qui ipsa error repellendus sed reiciendis est et. Reiciendis itaque dolor odit iure libero qui est. Magnam suscipit quis voluptatem explicabo dolor.', 98, 58, '2020-09-16 16:28:59', '2020-09-16 16:28:59'),
(290, 'Dignissimos labore corporis quis ut accusamus. Ea a facilis quas a. Unde sed voluptas iure est eos necessitatibus excepturi. Laboriosam in quis nulla adipisci error.', 98, 146, '2020-09-16 16:28:59', '2020-09-16 16:28:59'),
(291, 'Iure sequi laboriosam nemo itaque. Eum delectus aut sunt ab ea dolorum qui velit. Dolores alias eos ea vel reprehenderit.', 98, 182, '2020-09-16 16:28:59', '2020-09-16 16:28:59'),
(292, 'Iusto tempora libero doloremque distinctio beatae non. Architecto veniam unde dolor voluptas illo esse esse. Numquam libero nam veritatis sequi maiores.', 99, 54, '2020-09-16 16:28:59', '2020-09-16 16:28:59'),
(293, 'Perspiciatis cupiditate aut fugiat repudiandae. Expedita labore reiciendis alias et eos. Natus est voluptate ex beatae a suscipit reprehenderit. Quos et expedita hic similique sed sit laboriosam deleniti.', 99, 104, '2020-09-16 16:28:59', '2020-09-16 16:28:59'),
(294, 'Reprehenderit inventore ut sed dolorem enim. Nam neque et sit voluptas. Earum qui nisi et consequuntur.', 99, 172, '2020-09-16 16:28:59', '2020-09-16 16:28:59'),
(295, 'Voluptate odit modi est sed debitis soluta. Fugit voluptatem est delectus. Nemo omnis architecto praesentium deleniti nam. Culpa velit dignissimos et ut aspernatur iste.', 100, 52, '2020-09-16 16:28:59', '2020-09-16 16:28:59'),
(296, 'Non quisquam ut numquam. Sit fuga deserunt unde delectus. Laboriosam voluptatum culpa quo officia. Qui unde velit voluptatem quis repellat debitis.', 100, 139, '2020-09-16 16:28:59', '2020-09-16 16:28:59'),
(297, 'Dolores beatae culpa minima provident delectus maxime sequi. Eum eos aut ipsam accusantium beatae id neque. Ducimus omnis placeat qui quo. Commodi fuga cum maiores error enim.', 100, 165, '2020-09-16 16:28:59', '2020-09-16 16:28:59'),
(298, 'Quia sint autem quia. Libero exercitationem debitis velit et. Sed sit voluptas enim et.', 101, 2, '2020-09-16 16:29:00', '2020-09-16 16:29:00'),
(299, 'Ea labore repellendus consequuntur ea delectus asperiores autem. Et doloribus ratione alias voluptatibus deserunt. Cupiditate voluptatibus quod magnam exercitationem veniam.', 101, 64, '2020-09-16 16:29:00', '2020-09-16 16:29:00'),
(300, 'Quo amet accusamus est voluptatibus ab voluptas. Est ipsa earum sequi est eaque. Tempora porro exercitationem fugiat ad occaecati necessitatibus. Sequi beatae assumenda maiores eos in. Rem laudantium dolorum illo facere molestiae.', 101, 161, '2020-09-16 16:29:00', '2020-09-16 16:29:00'),
(301, 'Vero facere aut et ea sed molestiae aut. Dolores aut quam blanditiis vitae eos commodi. Autem accusantium repudiandae delectus exercitationem fuga necessitatibus.', 102, 13, '2020-09-16 16:29:00', '2020-09-16 16:29:00'),
(302, 'Unde tempore quia id id. Aut tempore praesentium id magnam veniam non. Facere dolores nobis et voluptatem ipsa. Quod sit voluptatem in eligendi modi.', 102, 19, '2020-09-16 16:29:00', '2020-09-16 16:29:00'),
(303, 'Quia odit dolorum maxime qui quidem. Architecto facilis et aliquid aut voluptatibus quas. Et quis nostrum et qui voluptas quam. Nostrum doloremque est omnis eos voluptas enim sit.', 102, 36, '2020-09-16 16:29:00', '2020-09-16 16:29:00'),
(304, 'Ullam unde quibusdam et et. Quia enim ipsam aut ut. Et nobis maxime vitae est quo non deserunt aspernatur. Perferendis unde non doloremque impedit.', 103, 33, '2020-09-16 16:29:00', '2020-09-16 16:29:00'),
(305, 'Aperiam aperiam labore qui veritatis. Quia voluptates corrupti vel distinctio reprehenderit. Debitis laudantium consequatur sint qui quia voluptatem.', 103, 58, '2020-09-16 16:29:00', '2020-09-16 16:29:00'),
(306, 'Quidem porro quia inventore modi eos quidem. Corrupti asperiores qui adipisci eveniet hic nihil. Laborum quas at minus magni accusantium. Voluptates reprehenderit architecto est dolorum animi natus.', 103, 100, '2020-09-16 16:29:00', '2020-09-16 16:29:00'),
(307, 'Quos nulla consequatur nostrum nesciunt quis magni dolorum. Quod qui occaecati veniam officia enim. Est vel in neque harum. Modi ducimus iusto magnam odio enim voluptas corporis.', 104, 2, '2020-09-16 16:29:00', '2020-09-16 16:29:00'),
(308, 'Non iste non et quisquam perferendis in tempora. Quos reprehenderit impedit quibusdam sit. Atque occaecati velit ut. Repellat nemo autem distinctio atque et velit.', 104, 12, '2020-09-16 16:29:00', '2020-09-16 16:29:00'),
(309, 'Eos quisquam est veniam quidem culpa reprehenderit quasi est. Illo illum fuga nulla quia quis debitis reprehenderit. Enim aut odit voluptatem.', 104, 78, '2020-09-16 16:29:00', '2020-09-16 16:29:00'),
(310, 'Ducimus nesciunt molestias unde voluptate voluptas consequatur. Molestias quidem quasi totam occaecati sint est mollitia velit. A dolorem error et nihil consectetur velit omnis. Vitae in ratione enim blanditiis.', 105, 30, '2020-09-16 16:29:00', '2020-09-16 16:29:00'),
(311, 'Rerum porro ab corporis aut voluptas quia. Vel labore et impedit molestiae quos ex quas. Tempora qui possimus sequi distinctio cupiditate voluptates officiis ullam.', 105, 78, '2020-09-16 16:29:00', '2020-09-16 16:29:00'),
(312, 'Laudantium dolores qui optio ut ratione ea. Consequatur error sit consequatur labore qui aut. Laboriosam consequatur consequatur deserunt qui voluptatem ea.', 105, 117, '2020-09-16 16:29:00', '2020-09-16 16:29:00'),
(313, 'Suscipit consectetur nostrum nostrum eveniet. Rerum et delectus autem vel pariatur consequatur ducimus.', 106, 117, '2020-09-16 16:29:00', '2020-09-16 16:29:00'),
(314, 'Sed voluptatem qui est voluptatem. Aliquam eos dolorum est exercitationem autem vero sint. Voluptatem possimus aut voluptatibus illo natus sit sed quis. Assumenda aut illo rerum pariatur maxime excepturi omnis.', 106, 184, '2020-09-16 16:29:00', '2020-09-16 16:29:00'),
(315, 'Dolor magni voluptate quo ea quas vero consequatur neque. Vel nobis tenetur aut dolorem corrupti. Veritatis dolorem aut aut nobis labore. Libero sint aut facere est.', 106, 202, '2020-09-16 16:29:00', '2020-09-16 16:29:00'),
(316, 'Debitis et facere voluptas officiis modi aut. Illo ut mollitia eaque. Ipsam et quas ut iste nulla dolorem.', 107, 86, '2020-09-16 16:29:00', '2020-09-16 16:29:00'),
(317, 'Necessitatibus modi quia corporis dolores amet occaecati et aut. Dicta eos velit iusto delectus sit. Dolorem ad ut eos illo cumque repellendus quo autem. Ad et sint dolorem magnam.', 107, 95, '2020-09-16 16:29:00', '2020-09-16 16:29:00'),
(318, 'Dignissimos ducimus qui omnis autem omnis recusandae praesentium iste. Sunt distinctio eos corporis. Molestiae aut cupiditate vel aliquam asperiores explicabo voluptates esse.', 107, 182, '2020-09-16 16:29:00', '2020-09-16 16:29:00'),
(319, 'Ratione optio non expedita vel velit. Neque culpa commodi beatae recusandae voluptatem quam neque. Magnam dolorum non reprehenderit error voluptas rerum ut. At tempora est suscipit.', 108, 1, '2020-09-16 16:29:00', '2020-09-16 16:29:00'),
(320, 'Ratione enim voluptate sit a sunt accusantium laborum. Qui iste aspernatur itaque repellat. Veniam iusto reiciendis nesciunt et quis accusamus est. Suscipit omnis aliquam enim quaerat.', 108, 100, '2020-09-16 16:29:00', '2020-09-16 16:29:00'),
(321, 'Qui voluptatum doloribus vero aut rerum eligendi. Maiores totam tenetur perspiciatis placeat alias molestiae. Voluptatem quis dolorem ut voluptatum distinctio ut sint quia. Consequatur rerum officiis dolor enim blanditiis.', 108, 175, '2020-09-16 16:29:00', '2020-09-16 16:29:00'),
(322, 'Optio culpa a aliquam maxime quia. Blanditiis iure reprehenderit sit alias ut. Dignissimos quas repudiandae ea omnis nulla aut ut. Illo et et modi consequatur.', 109, 20, '2020-09-16 16:29:00', '2020-09-16 16:29:00'),
(323, 'Impedit quae impedit ab voluptatem totam dolor harum. Quis illum quaerat est omnis. Eius totam mollitia ipsum quos. In dolores ut quia saepe culpa laudantium dolor.', 109, 173, '2020-09-16 16:29:00', '2020-09-16 16:29:00'),
(324, 'Voluptatibus quis aut perspiciatis quo. Aperiam et recusandae qui dolorum nam et. Quisquam culpa et veritatis laborum repudiandae.', 109, 194, '2020-09-16 16:29:01', '2020-09-16 16:29:01'),
(325, 'Odio consequuntur odit perspiciatis illo distinctio corporis. Error porro occaecati labore occaecati iste magnam rerum. Adipisci cum consequuntur non sunt excepturi eum. Ab alias vel voluptatum deserunt tenetur doloribus.', 110, 119, '2020-09-16 16:29:01', '2020-09-16 16:29:01'),
(326, 'Odit nisi possimus iure accusamus ut quo. Maiores est quam beatae sunt. Autem omnis eius quidem qui atque autem. Praesentium ut nihil repudiandae vitae adipisci ullam.', 110, 181, '2020-09-16 16:29:01', '2020-09-16 16:29:01'),
(327, 'Id placeat est cum quaerat ab blanditiis earum. Nemo dolorum aliquam aut quos omnis aliquid delectus. Voluptas voluptate reprehenderit exercitationem ea fugit dolores. Architecto modi ipsum quo eius.', 110, 192, '2020-09-16 16:29:01', '2020-09-16 16:29:01'),
(328, 'Accusantium porro alias necessitatibus repellendus nihil maxime harum. Ea distinctio dolores id mollitia iusto. Quidem in ad possimus est omnis architecto maxime.', 111, 63, '2020-09-16 16:29:01', '2020-09-16 16:29:01'),
(329, 'Odio atque cumque ut aut voluptas. Eius qui rerum et optio aut est. Vel nulla ut doloribus. Consequuntur et ut quis ex placeat. Alias a hic vel quia magnam.', 111, 65, '2020-09-16 16:29:01', '2020-09-16 16:29:01'),
(330, 'Ipsa fugiat consequuntur nisi non dolores sed. Ut nulla consequatur modi tempora accusamus. In earum rerum excepturi eaque quia voluptas. Porro numquam ipsa sint enim harum odit velit.', 111, 158, '2020-09-16 16:29:01', '2020-09-16 16:29:01'),
(331, 'Quia et natus ut odio. Quos recusandae officia voluptatem iste. Velit qui omnis exercitationem quibusdam fugit corrupti. Numquam ut dolores quis veniam.', 112, 132, '2020-09-16 16:29:01', '2020-09-16 16:29:01'),
(332, 'Ex sed iste temporibus reprehenderit. Dolorem perspiciatis dolorum dolorem inventore id cupiditate veritatis. Necessitatibus qui vel excepturi nemo tempora rerum ea.', 112, 155, '2020-09-16 16:29:01', '2020-09-16 16:29:01'),
(333, 'Aut et dolores eos consequatur ipsum odit. Sed nisi eligendi voluptatem in corrupti nulla libero. Rerum maiores nam quibusdam et. Non nostrum beatae deleniti odit.', 112, 175, '2020-09-16 16:29:01', '2020-09-16 16:29:01'),
(334, 'Vel sed distinctio magnam rerum est maiores eum recusandae. Labore numquam necessitatibus et voluptas aut. Rem a ut voluptatem asperiores dolor neque. Quod distinctio distinctio beatae amet rerum nihil. Exercitationem qui adipisci alias tempore natus.', 113, 45, '2020-09-16 16:29:01', '2020-09-16 16:29:01'),
(335, 'Ea incidunt et voluptates quam necessitatibus dicta. Ullam eaque explicabo qui voluptatem aliquam perspiciatis in. Nam sapiente consequatur nam sunt aut et.', 113, 71, '2020-09-16 16:29:01', '2020-09-16 16:29:01'),
(336, 'Quam recusandae aut quo quaerat maiores quisquam. Laboriosam perferendis ducimus commodi dolores in aut. Maiores dolore necessitatibus ipsum nihil.', 113, 190, '2020-09-16 16:29:01', '2020-09-16 16:29:01'),
(337, 'Molestiae doloribus cupiditate magni minima dolorem ad rerum. Vero minima eos delectus laborum. Laborum sed occaecati fugit vitae quod ipsum. Dolor ut recusandae qui magnam eligendi doloribus.', 114, 65, '2020-09-16 16:29:01', '2020-09-16 16:29:01'),
(338, 'Necessitatibus et totam consequatur qui omnis. Quidem labore cum magni nihil. Explicabo id dolore est rerum. Dolorem vel deserunt consectetur labore recusandae quaerat voluptatem eligendi. Et sunt magnam vitae eos.', 114, 98, '2020-09-16 16:29:01', '2020-09-16 16:29:01'),
(339, 'Aut quasi tenetur non quia autem doloremque. Voluptatum distinctio numquam rerum ullam id in. Ut et quia non est est similique. Enim sequi nulla tenetur enim autem qui repudiandae. Quaerat quis id et veniam qui enim consectetur.', 114, 155, '2020-09-16 16:29:01', '2020-09-16 16:29:01'),
(340, 'Vel magni laudantium soluta aut libero sit. Eos eos voluptatem perspiciatis. Impedit qui modi fugit velit. Facilis tenetur accusantium voluptatem rem ullam.', 115, 106, '2020-09-16 16:29:01', '2020-09-16 16:29:01'),
(341, 'Nobis iure non doloribus facere provident aut quidem. Modi non fugit occaecati cupiditate repellat placeat aut. Qui et nulla error expedita. Voluptatem ut sint rerum quis.', 115, 159, '2020-09-16 16:29:01', '2020-09-16 16:29:01'),
(342, 'Molestias aliquid quo adipisci beatae dicta. Architecto sit maiores soluta porro vero odit. Consequatur sit aut et ut.', 115, 191, '2020-09-16 16:29:01', '2020-09-16 16:29:01'),
(343, 'Natus ea sed similique sint quisquam. Cupiditate vel voluptatem nulla deserunt omnis nostrum rerum minima. Et ab recusandae ut sint. Velit maiores odit ab fuga.', 116, 63, '2020-09-16 16:29:01', '2020-09-16 16:29:01'),
(344, 'Qui rem laborum nemo laudantium iste aperiam qui quidem. Doloribus expedita voluptatem eveniet sequi. Velit veniam nesciunt repudiandae rerum quis sit unde similique. Impedit suscipit quisquam optio. Minus est eum non dolor quo eveniet molestiae.', 116, 125, '2020-09-16 16:29:01', '2020-09-16 16:29:01'),
(345, 'At ullam ducimus amet. Provident impedit quia libero et. Aut rerum porro vel est voluptates.', 116, 139, '2020-09-16 16:29:01', '2020-09-16 16:29:01'),
(346, 'Odio molestias nihil iste. Voluptatem non pariatur eos. Facilis nostrum nemo ex sed fuga. Necessitatibus sed quo nesciunt dolores consectetur nesciunt.', 117, 152, '2020-09-16 16:29:01', '2020-09-16 16:29:01'),
(347, 'Qui id sint repellat. Officiis necessitatibus necessitatibus quasi. Architecto eveniet numquam quidem autem velit et at. Perspiciatis et fuga debitis culpa voluptate.', 117, 156, '2020-09-16 16:29:01', '2020-09-16 16:29:01'),
(348, 'Pariatur et qui consequuntur nesciunt recusandae neque qui placeat. Blanditiis voluptatem atque labore adipisci magni. Et maiores quisquam doloremque alias eaque hic. Reprehenderit harum accusamus animi tempore qui repellendus eveniet.', 117, 184, '2020-09-16 16:29:01', '2020-09-16 16:29:01'),
(349, 'Voluptatem et assumenda consectetur sequi eveniet ipsum. Voluptatum dignissimos id qui quaerat. Assumenda odit quas consequatur non architecto ea. Voluptas est ea perferendis autem.', 118, 28, '2020-09-16 16:29:01', '2020-09-16 16:29:01'),
(350, 'Sed ea labore illo aut corrupti quia. Qui architecto odio est deserunt molestias illo. Ipsa reiciendis dolor non neque cupiditate quae quia sunt.', 118, 86, '2020-09-16 16:29:01', '2020-09-16 16:29:01'),
(351, 'Aperiam ullam laudantium quod id unde. Facere error quo est facere. Quia aut dolores et fugiat quaerat veritatis. Velit aut officiis officia qui voluptatibus facere omnis ab.', 118, 164, '2020-09-16 16:29:01', '2020-09-16 16:29:01'),
(352, 'Iste blanditiis in dolores debitis incidunt. Voluptatum sunt omnis ab doloribus commodi nihil nobis aut. A quia natus itaque.', 119, 80, '2020-09-16 16:29:01', '2020-09-16 16:29:01'),
(353, 'Perferendis optio voluptas qui excepturi molestiae quidem omnis. Totam sint repellat delectus omnis. Doloribus dolor itaque magnam officiis earum expedita et. Et architecto beatae omnis et illum soluta officia.', 119, 133, '2020-09-16 16:29:01', '2020-09-16 16:29:01'),
(354, 'Architecto minus possimus est autem velit qui. Pariatur fugiat cumque labore corrupti asperiores maiores officia. Quia dolores nostrum cum magnam.', 119, 200, '2020-09-16 16:29:01', '2020-09-16 16:29:01'),
(355, 'Fugit est aut magnam sunt quia doloribus beatae. Amet accusantium quam vitae enim. Delectus est quia recusandae ea omnis ex. Molestias qui tenetur et.', 120, 11, '2020-09-16 16:29:01', '2020-09-16 16:29:01'),
(356, 'Quis autem et necessitatibus nobis voluptatum et odit. Sed vero aspernatur maxime autem dolorum. Non quia facere et natus.', 120, 63, '2020-09-16 16:29:01', '2020-09-16 16:29:01'),
(357, 'Assumenda dignissimos ut optio sunt aut facere nobis. Laboriosam cupiditate aut id vero a esse excepturi. Voluptas id est qui ipsum dignissimos sit ut. Consequatur consequuntur quia voluptatem similique laboriosam ex veniam.', 120, 119, '2020-09-16 16:29:01', '2020-09-16 16:29:01'),
(358, 'Id atque in qui delectus dolore. Asperiores optio qui labore quisquam sint neque. Velit quibusdam ex magnam omnis eius.', 121, 40, '2020-09-16 16:29:01', '2020-09-16 16:29:01'),
(359, 'Aut ducimus enim fuga nihil numquam adipisci. Nihil sunt distinctio fugit veniam magni sit. Inventore aliquid corporis tempore velit.', 121, 67, '2020-09-16 16:29:01', '2020-09-16 16:29:01'),
(360, 'Porro eos ea et officiis. Voluptas nobis similique praesentium fuga labore at quisquam. Sit iure consequatur ut atque iste ipsam.', 121, 111, '2020-09-16 16:29:01', '2020-09-16 16:29:01'),
(361, 'Magni non officia illum fugit iure dolores. Corrupti in minima doloribus sit sint unde mollitia. Ut quas repellendus alias delectus soluta culpa tempora maxime. Non aspernatur ipsum ipsum error. Est consequatur dicta quia inventore exercitationem ab quae.', 122, 6, '2020-09-16 16:29:01', '2020-09-16 16:29:01'),
(362, 'Eos rem minima quia aliquam provident. Saepe a et quo esse similique neque placeat. Porro et consectetur voluptatem nobis excepturi porro. Delectus libero doloribus harum veritatis.', 122, 16, '2020-09-16 16:29:01', '2020-09-16 16:29:01'),
(363, 'Ad itaque sit doloribus molestiae ut qui rerum. Dolores blanditiis ducimus nam. Veritatis numquam quaerat maiores itaque magnam. Amet est aliquid ut accusantium veniam.', 122, 184, '2020-09-16 16:29:01', '2020-09-16 16:29:01'),
(364, 'Quia et modi sunt quos accusantium. Deserunt voluptas tempora porro sapiente qui quis. Ratione rem illo ea in et. Dolor aut sit accusamus voluptas.', 123, 145, '2020-09-16 16:29:02', '2020-09-16 16:29:02'),
(365, 'Et inventore dignissimos eum nam qui necessitatibus. Non sed et consectetur ea dolor. Nesciunt voluptas eius voluptatum explicabo qui cumque quos assumenda. Tempore dolorum totam eum aut vel explicabo repudiandae. Perspiciatis rerum nulla quis sit.', 123, 158, '2020-09-16 16:29:02', '2020-09-16 16:29:02'),
(366, 'Nisi qui sint molestiae ut in ab rerum. Dignissimos vel veritatis ex ut. Asperiores optio quas voluptatem molestias reiciendis. Id voluptas aliquid esse aliquam. Neque nisi quis et est quisquam tempora.', 123, 191, '2020-09-16 16:29:02', '2020-09-16 16:29:02'),
(367, 'Ducimus eligendi fugit et et ratione modi. Repellat quia consectetur quod ex eius et consectetur.', 124, 67, '2020-09-16 16:29:02', '2020-09-16 16:29:02'),
(368, 'Vel magnam commodi temporibus repellendus. Itaque impedit nihil rem rerum minima. Dignissimos ipsa aut aut sunt repudiandae.', 124, 163, '2020-09-16 16:29:02', '2020-09-16 16:29:02'),
(369, 'Voluptatem iusto saepe consequatur sed at quasi doloremque. Quo itaque voluptates possimus voluptas officiis. Quas deleniti id omnis.', 124, 196, '2020-09-16 16:29:02', '2020-09-16 16:29:02'),
(370, 'Officia ut asperiores ab sed. Reiciendis fuga odit esse quaerat fugit cumque. Quisquam maiores magnam consequuntur nihil. Non et aut possimus qui.', 125, 18, '2020-09-16 16:29:02', '2020-09-16 16:29:02'),
(371, 'Maiores vel sint eum voluptatum minus ut assumenda alias. Repudiandae beatae ex delectus. Excepturi adipisci dolorem impedit et laboriosam ut. Et et rerum praesentium aliquam.', 125, 89, '2020-09-16 16:29:02', '2020-09-16 16:29:02'),
(372, 'Voluptatem nemo autem autem. Sint nisi ipsum qui et. Aut veritatis eos a fugit.', 125, 170, '2020-09-16 16:29:02', '2020-09-16 16:29:02'),
(373, 'Optio quas labore magnam doloremque natus voluptate commodi. Atque nulla voluptatem facere ut eius nulla quos neque. Voluptas aliquid quidem aut. Natus architecto quia dignissimos et perspiciatis cumque.', 126, 18, '2020-09-16 16:29:02', '2020-09-16 16:29:02'),
(374, 'Quia ex blanditiis a perspiciatis quis. Cum porro inventore distinctio et est necessitatibus sed. Consequatur sit praesentium aut sint.', 126, 79, '2020-09-16 16:29:02', '2020-09-16 16:29:02'),
(375, 'Et possimus maxime laboriosam dolor corrupti repellendus architecto. Sunt laborum voluptatem hic vel saepe.', 126, 141, '2020-09-16 16:29:02', '2020-09-16 16:29:02'),
(376, 'Ratione fugit sed tenetur omnis sed non nobis libero. Libero aut non quo est cumque alias. Molestiae accusantium aut et aliquid provident et. Dolor officiis recusandae quod accusantium quod similique.', 127, 10, '2020-09-16 16:29:02', '2020-09-16 16:29:02'),
(377, 'Placeat dolorem eum expedita ut qui quis laboriosam aperiam. Dolores quo ut fugiat et voluptatem. Molestiae et ut accusamus quo. Ut quis commodi laudantium amet.', 127, 73, '2020-09-16 16:29:02', '2020-09-16 16:29:02'),
(378, 'Voluptates ullam natus inventore est error aspernatur enim. Accusamus quia ut saepe quia quos. Molestiae illo error laudantium totam in. Ex illo aliquam possimus ipsum vero est.', 127, 176, '2020-09-16 16:29:02', '2020-09-16 16:29:02'),
(379, 'Dolor laborum blanditiis repudiandae distinctio vel. Ad minima et rerum unde ut nostrum ipsum. Eius perferendis modi voluptas beatae aperiam aut in. Sit et voluptate dolore nemo sequi quo.', 128, 14, '2020-09-16 16:29:02', '2020-09-16 16:29:02'),
(380, 'Est et dolor ut dolorum commodi ut sunt fugiat. Qui suscipit distinctio minima earum. Voluptates amet consequatur est possimus quam amet. Nesciunt velit enim quisquam exercitationem. Sit ea est rerum error non.', 128, 109, '2020-09-16 16:29:02', '2020-09-16 16:29:02'),
(381, 'Ut quibusdam amet quia beatae iusto consequatur. Eos sed nam nulla cupiditate et consequuntur consequatur. Iste nam hic aut animi exercitationem quae corrupti. Possimus sed doloremque quam optio. Aspernatur nihil voluptas quia praesentium est dicta assumenda.', 128, 112, '2020-09-16 16:29:02', '2020-09-16 16:29:02'),
(382, 'Eum nulla ea ad velit pariatur ut architecto qui. Et et rerum dolor. Modi tenetur nesciunt fuga. Aliquid quo explicabo repellendus repellat nihil quas.', 129, 62, '2020-09-16 16:29:02', '2020-09-16 16:29:02'),
(383, 'Voluptate molestiae voluptatum provident mollitia vero et. Ipsa repudiandae dignissimos odio eos ab quam soluta. Nulla exercitationem sequi nihil animi. Sit rerum autem sed repellendus dicta.', 129, 124, '2020-09-16 16:29:03', '2020-09-16 16:29:03'),
(384, 'Ducimus blanditiis harum voluptas similique quis commodi. Consequatur vel nostrum laborum consequatur. Laboriosam consequatur harum molestias.', 129, 188, '2020-09-16 16:29:03', '2020-09-16 16:29:03'),
(385, 'Rerum magnam quae non aut iusto consequuntur. Natus rerum nam vitae qui pariatur enim assumenda. Possimus eum voluptas officiis.', 130, 7, '2020-09-16 16:29:03', '2020-09-16 16:29:03'),
(386, 'Ut maxime culpa magni provident. Commodi ullam ea quia non eum vitae qui. Sint blanditiis expedita aut. Aut possimus laboriosam eveniet quis labore aliquam aut.', 130, 60, '2020-09-16 16:29:03', '2020-09-16 16:29:03'),
(387, 'Qui odio officiis ipsa odio est. Voluptatem a quidem mollitia accusantium.', 130, 104, '2020-09-16 16:29:03', '2020-09-16 16:29:03'),
(388, 'Molestiae delectus unde cum praesentium magnam qui. Et laboriosam voluptatem amet commodi dolor amet odit. Vero quos autem consequatur voluptas nobis quasi ut. Accusantium voluptatem aliquid quis.', 131, 98, '2020-09-16 16:29:03', '2020-09-16 16:29:03'),
(389, 'Quidem temporibus odit dicta earum nihil iste. Eos aperiam possimus aliquam et qui. Et quos est et et molestias.', 131, 137, '2020-09-16 16:29:03', '2020-09-16 16:29:03'),
(390, 'Amet possimus ut ut consequuntur fugiat ea sint. Quisquam sed ut perferendis architecto asperiores impedit qui quas. Numquam dignissimos harum et sunt. Omnis officia cupiditate inventore vero saepe nesciunt. Id corrupti ea autem ea iure natus.', 131, 139, '2020-09-16 16:29:03', '2020-09-16 16:29:03'),
(391, 'Placeat vel eaque quaerat ad tenetur non est. Enim quo molestiae neque modi maxime. Facilis magnam inventore totam culpa veritatis similique. Debitis eos ratione enim soluta nam corrupti.', 132, 191, '2020-09-16 16:29:03', '2020-09-16 16:29:03'),
(392, 'Fugit perspiciatis nisi aut earum sit qui. Id voluptas commodi tenetur cupiditate tenetur vero cupiditate. Libero soluta et voluptas eum eos aut.', 132, 199, '2020-09-16 16:29:03', '2020-09-16 16:29:03'),
(393, 'Modi possimus et vero consequatur corporis vel. Doloribus ut officia deleniti et. Rerum quaerat voluptatem tenetur. Autem quas qui reiciendis quaerat similique sunt.', 132, 201, '2020-09-16 16:29:03', '2020-09-16 16:29:03'),
(394, 'Qui occaecati laboriosam laudantium sed aut accusantium. Esse molestiae cum architecto in. Itaque consequuntur asperiores itaque quo impedit eveniet sed adipisci. Labore voluptatum ab aut sint ratione.', 133, 40, '2020-09-16 16:29:03', '2020-09-16 16:29:03'),
(395, 'Magni qui ut nostrum incidunt assumenda quam. Numquam voluptates nihil ullam in quia voluptas est. Distinctio assumenda qui perspiciatis necessitatibus quod aspernatur. Cupiditate nemo eos quod blanditiis iure nulla at.', 133, 51, '2020-09-16 16:29:03', '2020-09-16 16:29:03'),
(396, 'Dolores sed omnis qui est est sit rerum. Rerum qui vitae perferendis alias quod.', 133, 117, '2020-09-16 16:29:03', '2020-09-16 16:29:03'),
(397, 'Incidunt modi rerum rerum maxime. Laborum voluptas provident velit et et. Ab voluptas necessitatibus rerum corrupti.', 134, 66, '2020-09-16 16:29:03', '2020-09-16 16:29:03'),
(398, 'Voluptate repellat doloremque natus expedita accusamus. Illum est qui atque nisi maxime. Sed maiores recusandae est ab porro. Non quasi ut quia ut deserunt aut ut.', 134, 157, '2020-09-16 16:29:03', '2020-09-16 16:29:03'),
(399, 'Est consectetur illum perspiciatis officiis. Debitis blanditiis dolorum quod occaecati. Officiis non et rerum officia sed beatae asperiores pariatur.', 134, 192, '2020-09-16 16:29:03', '2020-09-16 16:29:03'),
(400, 'Sit tempore rerum velit est incidunt omnis delectus. Enim distinctio consequatur ullam tempore explicabo.', 135, 161, '2020-09-16 16:29:03', '2020-09-16 16:29:03'),
(401, 'Cumque aperiam eius sint et ducimus. Dolorem a fugiat aut excepturi ex qui. Illum quam odio consectetur aliquid aspernatur nostrum. Autem est quis sunt id nihil. Sit sit autem minus aliquam suscipit.', 135, 185, '2020-09-16 16:29:03', '2020-09-16 16:29:03'),
(402, 'Delectus expedita consectetur quos sit tempora laudantium molestiae. Unde voluptatem ratione ut voluptas. Est qui nostrum sed deleniti quasi quibusdam ut asperiores.', 135, 201, '2020-09-16 16:29:03', '2020-09-16 16:29:03'),
(403, 'Est qui quam laboriosam aut nisi. Repudiandae distinctio libero adipisci est esse ut necessitatibus. Debitis beatae sed dolores itaque quidem fugit.', 136, 52, '2020-09-16 16:29:03', '2020-09-16 16:29:03'),
(404, 'Harum perspiciatis est eum et tenetur eos qui. Repellat eius est id ipsam. Vel doloremque voluptas sequi sed maxime deserunt.', 136, 131, '2020-09-16 16:29:03', '2020-09-16 16:29:03'),
(405, 'Ipsum impedit totam eum recusandae et consequatur similique. Recusandae maxime aut amet ipsam. Est nihil quisquam rem autem quo molestias quam. Et eos officiis qui odio pariatur.', 136, 193, '2020-09-16 16:29:03', '2020-09-16 16:29:03'),
(406, 'Possimus cum perferendis dolores voluptatem dolores et. Dolorem voluptatem molestias omnis nostrum. Nihil eos quisquam nostrum earum vitae quasi alias.', 137, 66, '2020-09-16 16:29:03', '2020-09-16 16:29:03'),
(407, 'Officiis odio cupiditate voluptate veniam odit dolorem nam ex. Sit dolores architecto consequatur sed et aliquam hic omnis. Molestiae soluta provident qui quo quibusdam. Commodi consequatur non nihil excepturi consequatur.', 137, 100, '2020-09-16 16:29:04', '2020-09-16 16:29:04'),
(408, 'Qui molestiae numquam doloremque ab sunt dicta aut. Ducimus id voluptas id omnis et provident iste.', 137, 126, '2020-09-16 16:29:04', '2020-09-16 16:29:04'),
(409, 'Ea tempore consectetur neque quos. Magni harum quaerat sint sint voluptate blanditiis. Itaque dolores similique tempora a id tempore similique. Adipisci enim ex et minus adipisci voluptatem eos vero.', 138, 20, '2020-09-16 16:29:04', '2020-09-16 16:29:04'),
(410, 'Totam eius quos in suscipit nemo consequatur et. Ut et maxime eum. Ut et consequatur nisi numquam aut.', 138, 63, '2020-09-16 16:29:04', '2020-09-16 16:29:04'),
(411, 'Voluptatum sapiente error ratione impedit consequatur iusto. Quam nesciunt libero nihil. Sit quam quod aspernatur non nihil explicabo. Tempora nihil et enim.', 138, 195, '2020-09-16 16:29:04', '2020-09-16 16:29:04'),
(412, 'Veniam est quos numquam voluptas aliquam in quia. Eius cupiditate voluptatem ex dolorem sunt. Laudantium nesciunt veritatis non sed.', 139, 23, '2020-09-16 16:29:04', '2020-09-16 16:29:04'),
(413, 'Perferendis voluptatem voluptas repellat itaque atque autem. Temporibus fugit dolorem assumenda rerum. Quis consequatur enim laudantium perspiciatis consectetur maiores repellat.', 139, 59, '2020-09-16 16:29:04', '2020-09-16 16:29:04'),
(414, 'Rerum culpa ex hic quia pariatur. Nihil est omnis sapiente ipsam qui asperiores. Iste sunt quo est iusto veritatis veniam odit. Nulla eaque exercitationem et est.', 139, 180, '2020-09-16 16:29:04', '2020-09-16 16:29:04'),
(415, 'Omnis deserunt fugit laboriosam consequatur. Iusto ut blanditiis rem dolorum beatae. Rem eos aut quas quia culpa quos.', 140, 137, '2020-09-16 16:29:04', '2020-09-16 16:29:04'),
(416, 'Quia delectus officiis laboriosam consectetur qui eligendi. Fugit blanditiis delectus quia eum suscipit laboriosam. Molestiae quo ut aliquid facilis.', 140, 160, '2020-09-16 16:29:04', '2020-09-16 16:29:04'),
(417, 'Eaque consequuntur laudantium dolor quo. Quasi occaecati aliquam error dolorem aperiam et. Amet voluptas dicta facilis necessitatibus nobis distinctio aperiam rerum.', 140, 191, '2020-09-16 16:29:04', '2020-09-16 16:29:04'),
(418, 'Ut rerum sed tempora. Dolores molestias nihil libero voluptatem. Nobis libero et veritatis sunt placeat aut incidunt corporis. Non magnam at et architecto nihil et. Omnis a porro velit temporibus fugit aut.', 141, 46, '2020-09-16 16:29:04', '2020-09-16 16:29:04'),
(419, 'Vel expedita modi debitis ea earum veritatis. Sunt quasi error autem.', 141, 98, '2020-09-16 16:29:04', '2020-09-16 16:29:04'),
(420, 'Asperiores iusto dolore exercitationem. Nemo minima quod architecto vero dolore vel tempora.', 141, 127, '2020-09-16 16:29:04', '2020-09-16 16:29:04'),
(421, 'Et quaerat quasi quam. Sed quia sint id iure assumenda odio quia. Veniam eligendi placeat voluptatem quo vel reiciendis odio. Libero voluptatem pariatur esse iste commodi vitae maiores.', 142, 87, '2020-09-16 16:29:04', '2020-09-16 16:29:04'),
(422, 'Quo voluptatem magni repudiandae quo non quia sint. Impedit est delectus sit. Et laboriosam earum et facilis dolorem. At voluptatem autem officia adipisci ipsam quos.', 142, 116, '2020-09-16 16:29:04', '2020-09-16 16:29:04'),
(423, 'Tempora repudiandae aut sed libero. Dolore porro adipisci enim iste. Vitae optio dolore qui rerum necessitatibus eligendi. Quidem cupiditate incidunt ut minus.', 142, 193, '2020-09-16 16:29:04', '2020-09-16 16:29:04'),
(424, 'Eius deleniti perspiciatis optio sit. Id facere adipisci at et. Sed quas praesentium dolor blanditiis non aliquid necessitatibus.', 143, 96, '2020-09-16 16:29:04', '2020-09-16 16:29:04'),
(425, 'Ea quia nostrum laboriosam officiis alias. Qui sed aut sit qui tempore iste sapiente. Doloribus ut voluptas amet animi ut vel. Fuga recusandae esse alias. Rerum sunt tempore dolores delectus quos.', 143, 176, '2020-09-16 16:29:04', '2020-09-16 16:29:04'),
(426, 'Sequi nisi et impedit. Sint delectus est voluptas blanditiis nam. Voluptas ducimus reprehenderit delectus maxime itaque molestiae fuga.', 143, 184, '2020-09-16 16:29:04', '2020-09-16 16:29:04'),
(427, 'Aut magnam velit voluptates fugiat expedita quos est. Sit et totam accusamus maxime molestias.', 144, 106, '2020-09-16 16:29:04', '2020-09-16 16:29:04'),
(428, 'Eos unde sunt sint qui sunt illo. Eum culpa voluptatum possimus qui delectus molestiae totam. Rem et pariatur aperiam perferendis.', 144, 119, '2020-09-16 16:29:04', '2020-09-16 16:29:04'),
(429, 'Necessitatibus sed voluptatem nihil quo praesentium expedita voluptate. Quos consequatur molestiae possimus aut sunt omnis et tempora. Blanditiis occaecati soluta ratione.', 144, 203, '2020-09-16 16:29:04', '2020-09-16 16:29:04'),
(430, 'Incidunt provident rerum cumque. Enim et et quia perspiciatis ut autem.', 145, 61, '2020-09-16 16:29:04', '2020-09-16 16:29:04'),
(431, 'Odio dolore nesciunt non deleniti asperiores. Fuga rem expedita saepe. Aspernatur incidunt dolorem dolorum hic.', 145, 173, '2020-09-16 16:29:04', '2020-09-16 16:29:04'),
(432, 'Tempore nam labore unde natus ut. Porro ipsam tenetur aut harum animi quam. Quaerat saepe optio id aut. Vero molestiae reiciendis asperiores rerum nobis libero repellat. Ullam eveniet voluptatem saepe doloremque.', 145, 197, '2020-09-16 16:29:04', '2020-09-16 16:29:04'),
(433, 'Consequatur quos assumenda voluptas est laudantium aut. Perferendis quam nihil aut veniam officia eveniet. Quidem odit occaecati possimus ducimus accusamus tempore reprehenderit numquam. Unde qui maxime eveniet occaecati repudiandae.', 146, 14, '2020-09-16 16:29:04', '2020-09-16 16:29:04'),
(434, 'Fugiat in expedita tenetur occaecati tempora corporis autem. Doloribus architecto nobis deleniti debitis pariatur dignissimos. Fugit ipsum deleniti expedita numquam nostrum.', 146, 16, '2020-09-16 16:29:04', '2020-09-16 16:29:04'),
(435, 'Aut repudiandae nostrum eligendi accusamus. Omnis est enim ipsam facere dolores. Aut nobis ut natus ratione ipsam nesciunt optio. Quisquam pariatur earum non eveniet et reprehenderit.', 146, 98, '2020-09-16 16:29:05', '2020-09-16 16:29:05'),
(436, 'Minus est itaque aspernatur fugit qui. Voluptates rerum vero quo aut. Eius sunt ut necessitatibus eligendi hic quia necessitatibus.', 147, 61, '2020-09-16 16:29:05', '2020-09-16 16:29:05'),
(437, 'Vel exercitationem non quia ut architecto illo dignissimos. Eos animi praesentium enim provident voluptas. Aut nobis consequuntur voluptatum.', 147, 168, '2020-09-16 16:29:05', '2020-09-16 16:29:05'),
(438, 'Possimus accusamus error esse molestiae. Qui quo omnis eos et expedita distinctio voluptas. Expedita minima est sint et voluptates nulla.', 147, 188, '2020-09-16 16:29:05', '2020-09-16 16:29:05'),
(439, 'Eum quibusdam minima quia vitae quidem. Facilis quos impedit dolorum odio distinctio distinctio culpa. Ad adipisci eum deserunt officia ipsam quia commodi.', 148, 64, '2020-09-16 16:29:05', '2020-09-16 16:29:05'),
(440, 'Harum illo quas maxime ducimus impedit. Eum corrupti vero eum nam quisquam aliquid. Quasi veritatis quis est incidunt consequatur qui veritatis.', 148, 167, '2020-09-16 16:29:05', '2020-09-16 16:29:05'),
(441, 'Incidunt dolore dicta hic beatae. Alias voluptatem maiores impedit quia quidem aut. Voluptatem corrupti quos est eum.', 148, 169, '2020-09-16 16:29:05', '2020-09-16 16:29:05'),
(442, 'Vitae nisi velit necessitatibus tempore. Hic et sit autem. Sunt atque occaecati dolorem architecto maiores vitae vel.', 149, 9, '2020-09-16 16:29:05', '2020-09-16 16:29:05'),
(443, 'Vitae et fugiat est est. Expedita sit consequatur velit animi. Ea beatae laborum quod doloremque aliquam magni.', 149, 69, '2020-09-16 16:29:05', '2020-09-16 16:29:05'),
(444, 'Temporibus vero eos ducimus dolor. Facere voluptas praesentium maxime modi. Aliquam nisi explicabo doloribus ipsam.', 149, 108, '2020-09-16 16:29:05', '2020-09-16 16:29:05'),
(445, 'Error minus eos ut. Alias dolore qui autem ut et eligendi. Officia placeat harum voluptatibus dolor eveniet.', 150, 13, '2020-09-16 16:29:05', '2020-09-16 16:29:05'),
(446, 'Eius ut occaecati quia natus officiis. Tempora est doloremque sunt ullam vero qui illo. Laudantium labore aut atque.', 150, 85, '2020-09-16 16:29:05', '2020-09-16 16:29:05'),
(447, 'Nostrum sunt eaque culpa velit at doloribus sint. Ea sed illo necessitatibus illo qui omnis. Et quaerat minima impedit. Quia quia amet sequi eaque eligendi aut voluptas.', 150, 156, '2020-09-16 16:29:05', '2020-09-16 16:29:05'),
(448, 'Nisi consectetur voluptas labore hic distinctio soluta. Illo consectetur est temporibus inventore velit. Delectus assumenda vel laboriosam aut incidunt. Aliquid beatae sit ut soluta in natus et magni.', 151, 13, '2020-09-16 16:29:05', '2020-09-16 16:29:05');
INSERT INTO `medicament_selecteds` (`id`, `description`, `id_order`, `id_medicament`, `created_at`, `updated_at`) VALUES
(449, 'Totam magni harum et quae totam soluta possimus culpa. Natus odit minima eum et. Suscipit quos sit rerum sint impedit. Pariatur ullam sed aliquam repudiandae aut.', 151, 163, '2020-09-16 16:29:05', '2020-09-16 16:29:05'),
(450, 'Quidem repellat nisi quis illo. Dolorum nostrum amet recusandae ea beatae.', 151, 171, '2020-09-16 16:29:05', '2020-09-16 16:29:05'),
(451, 'Voluptatum molestias nihil fugiat sit dolor perspiciatis fugit. Adipisci fuga quod et non tempora. Nesciunt dignissimos officiis omnis eos perspiciatis et id. Tenetur et quos harum qui voluptatem corrupti.', 152, 95, '2020-09-16 16:29:05', '2020-09-16 16:29:05'),
(452, 'Doloribus qui dolores et minus molestiae laborum. Iusto qui et id facere enim est blanditiis. Illum rem iusto cupiditate a doloribus.', 152, 110, '2020-09-16 16:29:05', '2020-09-16 16:29:05'),
(453, 'Beatae labore aliquid architecto eos impedit sed dolorem. Voluptatem non ut voluptatem culpa.', 152, 156, '2020-09-16 16:29:05', '2020-09-16 16:29:05'),
(454, 'Magnam repellat nobis velit. Incidunt aut aut iusto asperiores ut. Veritatis incidunt sint incidunt consequatur reiciendis sed.', 153, 76, '2020-09-16 16:29:05', '2020-09-16 16:29:05'),
(455, 'Ipsa consequatur officiis quia ut quos aut temporibus. Voluptatem quo architecto ullam quia sit. Veniam explicabo iure dolorem et nihil ea. Incidunt ut et dolor exercitationem ut non iste. Maxime dolor et hic alias eum mollitia doloremque.', 153, 103, '2020-09-16 16:29:05', '2020-09-16 16:29:05'),
(456, 'Minus quis odio asperiores sunt exercitationem aperiam. Assumenda accusamus aliquid nisi quae. Incidunt alias aut tenetur sunt.', 153, 201, '2020-09-16 16:29:05', '2020-09-16 16:29:05'),
(457, 'Qui mollitia in et aperiam repudiandae necessitatibus. Non et repudiandae ipsa molestiae ut est.', 154, 2, '2020-09-16 16:29:05', '2020-09-16 16:29:05'),
(458, 'Hic reprehenderit consectetur labore corporis. Ut sed atque deleniti facilis deleniti et neque. Dolores beatae modi aut magnam et eligendi. In est sed saepe debitis mollitia ad. Numquam natus molestias a quo.', 154, 86, '2020-09-16 16:29:05', '2020-09-16 16:29:05'),
(459, 'Maxime nostrum numquam aut dolor veniam sit molestiae. Et voluptatem illo et nobis sunt quod voluptatem. Voluptatem eum odio voluptas quia.', 154, 95, '2020-09-16 16:29:05', '2020-09-16 16:29:05'),
(460, 'Modi ut ratione enim ratione optio quo eaque nostrum. Error perspiciatis voluptas aut molestias itaque. Enim et similique facere qui.', 155, 21, '2020-09-16 16:29:05', '2020-09-16 16:29:05'),
(461, 'Qui consequuntur natus dolor quia. Et officiis temporibus fuga modi dolorem.', 155, 28, '2020-09-16 16:29:05', '2020-09-16 16:29:05'),
(462, 'Corrupti architecto ullam ut dicta corporis alias. Omnis officiis temporibus rerum odit deleniti. Aliquid libero reprehenderit eos repellendus debitis molestiae.', 155, 96, '2020-09-16 16:29:05', '2020-09-16 16:29:05'),
(463, 'Vel ipsam illum qui molestiae vel quaerat perferendis. Facere deserunt dolorem ullam qui aut harum quisquam.', 156, 5, '2020-09-16 16:29:05', '2020-09-16 16:29:05'),
(464, 'Perspiciatis modi blanditiis eum eaque nihil nostrum ea laborum. Aliquam nulla et est repellendus iusto praesentium. Ut earum quaerat sapiente.', 156, 173, '2020-09-16 16:29:05', '2020-09-16 16:29:05'),
(465, 'Explicabo quam blanditiis aut officiis at. Consequatur ratione quod qui enim. Eos culpa architecto voluptatem optio similique. Saepe illo molestias placeat eligendi voluptas repellat laboriosam. Atque voluptatibus totam magnam aspernatur.', 156, 183, '2020-09-16 16:29:05', '2020-09-16 16:29:05'),
(466, 'Magni inventore aliquid saepe consectetur quos quidem error eum. Dolorum ipsum in amet aut quia. Aut non qui eum et voluptas.', 157, 96, '2020-09-16 16:29:05', '2020-09-16 16:29:05'),
(467, 'Quia quo molestiae iste sint quod voluptates aut aperiam. Veritatis omnis quidem ipsam ea minus ab facere. Nihil rerum laboriosam est consectetur fuga exercitationem.', 157, 112, '2020-09-16 16:29:05', '2020-09-16 16:29:05'),
(468, 'Repudiandae fuga non repellat quo alias. Corrupti rerum totam hic quam sit.', 157, 131, '2020-09-16 16:29:05', '2020-09-16 16:29:05'),
(469, 'Et nihil consequatur adipisci ea est autem omnis. Tempora fugiat quo corporis aliquam voluptatem voluptas. Sequi totam fugit excepturi dolores.', 158, 87, '2020-09-16 16:29:05', '2020-09-16 16:29:05'),
(470, 'Eos excepturi eum laborum modi molestiae perferendis pariatur. Quae iusto eveniet reiciendis ut doloremque. Hic corporis corrupti et et possimus at non.', 158, 129, '2020-09-16 16:29:05', '2020-09-16 16:29:05'),
(471, 'Vitae consequatur deserunt aliquam atque hic qui. Molestiae officiis a nihil cupiditate enim. Dolorum nihil delectus repellendus veritatis distinctio corrupti repellendus.', 158, 136, '2020-09-16 16:29:05', '2020-09-16 16:29:05'),
(472, 'Aliquam beatae laboriosam quae. Tenetur aut aut inventore illo voluptatum ex. Laudantium sit illo est ut vitae. Recusandae quis facilis fugiat totam sed est impedit.', 159, 13, '2020-09-16 16:29:05', '2020-09-16 16:29:05'),
(473, 'Consectetur ipsam dolor excepturi ratione exercitationem ea ullam. Et aspernatur eius explicabo rerum ipsa voluptas. Maxime amet necessitatibus quo unde ipsam quasi ut.', 159, 142, '2020-09-16 16:29:05', '2020-09-16 16:29:05'),
(474, 'Ullam aliquid et autem et inventore. Dolor rerum explicabo delectus nulla voluptas. Molestias pariatur quam error ea molestias et amet.', 159, 190, '2020-09-16 16:29:06', '2020-09-16 16:29:06'),
(475, 'Mollitia qui aut atque consequatur. Aut numquam ut in aliquid sequi. Veniam officiis non ex autem dignissimos. Quasi inventore aut omnis maiores.', 160, 30, '2020-09-16 16:29:06', '2020-09-16 16:29:06'),
(476, 'Asperiores deserunt dignissimos quia ea autem asperiores. Sapiente consequuntur sunt eos nobis. Modi officiis quis illum at iure sed reprehenderit est. Nihil esse et molestias eveniet rerum eos at officia.', 160, 96, '2020-09-16 16:29:06', '2020-09-16 16:29:06'),
(477, 'Sit est voluptatem odio est. Tempora rem ut facilis rerum consectetur. Incidunt deserunt saepe vel.', 160, 140, '2020-09-16 16:29:06', '2020-09-16 16:29:06'),
(478, 'Quas animi quibusdam officia porro. Ea labore laborum et non possimus. Doloremque aut ratione molestiae non molestiae.', 161, 69, '2020-09-16 16:29:06', '2020-09-16 16:29:06'),
(479, 'Asperiores eos praesentium dolorem alias autem. Soluta sed in quae repellendus quibusdam laudantium. Eaque magni quae et sapiente perspiciatis atque qui.', 161, 140, '2020-09-16 16:29:06', '2020-09-16 16:29:06'),
(480, 'Rem similique aut dolor et. Doloremque mollitia quas quaerat doloremque quia saepe fugit. Officiis vel animi pariatur.', 161, 160, '2020-09-16 16:29:06', '2020-09-16 16:29:06'),
(481, 'Eaque sit ea quo fuga est soluta. Recusandae alias consectetur ipsum eaque omnis. Quia quos non pariatur. Excepturi ad ea et deserunt qui.', 162, 61, '2020-09-16 16:29:06', '2020-09-16 16:29:06'),
(482, 'Cum est reprehenderit et et. Sed eos enim excepturi molestiae. Ut vero hic vel necessitatibus quae. Adipisci incidunt dolorem eum minima.', 162, 87, '2020-09-16 16:29:06', '2020-09-16 16:29:06'),
(483, 'Perspiciatis hic nihil consectetur doloremque. Officia non cum et repellat.', 162, 128, '2020-09-16 16:29:06', '2020-09-16 16:29:06'),
(484, 'Sed quos praesentium quasi delectus qui et. Perferendis reprehenderit minus consequatur qui sit sint. Rerum voluptas error voluptatem perspiciatis. Ex cupiditate maxime velit consequatur aliquid.', 163, 104, '2020-09-16 16:29:06', '2020-09-16 16:29:06'),
(485, 'Nobis autem ex illo voluptas. Ut modi quo aut accusamus nihil ab reprehenderit esse. Corporis quis facilis dolorem eum nostrum cumque.', 163, 127, '2020-09-16 16:29:06', '2020-09-16 16:29:06'),
(486, 'Dolore vero nisi est voluptatum cumque. Voluptates et repudiandae tenetur mollitia tempore dolorem. Consequuntur perspiciatis est dolorum.', 163, 198, '2020-09-16 16:29:06', '2020-09-16 16:29:06'),
(487, 'Est doloribus repudiandae ut labore et quia. Et dolorum magnam qui aspernatur et pariatur vitae quia. Harum dolores ex ab et in. Est et cupiditate blanditiis earum.', 164, 136, '2020-09-16 16:29:06', '2020-09-16 16:29:06'),
(488, 'Omnis reprehenderit fugiat et laborum. Eum placeat aut consequatur tempora. Laudantium repudiandae illo vitae laudantium et. Eveniet praesentium minima saepe temporibus est nobis qui.', 164, 146, '2020-09-16 16:29:06', '2020-09-16 16:29:06'),
(489, 'Repellendus ut dolor sit suscipit. Earum praesentium alias libero nesciunt ipsum. Velit itaque sequi unde sit et eum molestias.', 164, 196, '2020-09-16 16:29:06', '2020-09-16 16:29:06'),
(490, 'Corrupti quos porro est dolores deserunt. Impedit quo debitis quia nihil omnis et voluptas. Quasi dolorem eligendi alias explicabo fugit cumque ea harum. Impedit exercitationem quod quia facilis velit et.', 165, 103, '2020-09-16 16:29:06', '2020-09-16 16:29:06'),
(491, 'Eveniet maxime enim omnis. Provident dicta nam adipisci laboriosam quod molestiae. Maxime nisi impedit ipsa quaerat repudiandae nesciunt cum. Aliquid velit quibusdam vero.', 165, 179, '2020-09-16 16:29:06', '2020-09-16 16:29:06'),
(492, 'Molestias debitis qui quidem iure quia enim recusandae rerum. Ipsa dolores iure eaque sunt eius aut. Velit saepe explicabo maxime sint beatae fugiat quis. Labore perferendis quo autem provident accusamus.', 165, 192, '2020-09-16 16:29:06', '2020-09-16 16:29:06'),
(493, 'Asperiores omnis ex odio officia architecto. Similique error voluptatem qui est et dolores. Et quasi aliquam fuga qui.', 166, 33, '2020-09-16 16:29:06', '2020-09-16 16:29:06'),
(494, 'Quis quis non consequatur et ipsam. Deleniti est suscipit ut tempore corrupti quis. Omnis ducimus iste velit nemo.', 166, 140, '2020-09-16 16:29:06', '2020-09-16 16:29:06'),
(495, 'Tempore voluptas quia deleniti ipsa autem nesciunt. Repellendus aperiam mollitia ut et velit ducimus molestiae voluptatem. Est nulla doloremque nam molestiae iusto vel inventore.', 166, 162, '2020-09-16 16:29:06', '2020-09-16 16:29:06'),
(496, 'Illo molestiae officiis iure. Ipsum illum tempore saepe quod vel vel officia. Beatae eum illum et perferendis. Earum velit similique nobis ullam aut. Dicta aspernatur modi aperiam tempora.', 167, 16, '2020-09-16 16:29:06', '2020-09-16 16:29:06'),
(497, 'Explicabo hic atque ea rerum vel dignissimos nisi. Enim et aspernatur facilis vel ut praesentium molestiae. Sequi ea sed occaecati sed.', 167, 57, '2020-09-16 16:29:06', '2020-09-16 16:29:06'),
(498, 'Dolorem esse nesciunt quia officia quis quisquam laborum. Rerum excepturi ut minima modi in. Ad facere cum sunt eius minima.', 167, 88, '2020-09-16 16:29:06', '2020-09-16 16:29:06'),
(499, 'Neque consequatur occaecati nemo eveniet recusandae aut quibusdam. Impedit fugit dolore laborum eos voluptatem est. Ea animi ut distinctio dolor.', 168, 65, '2020-09-16 16:29:06', '2020-09-16 16:29:06'),
(500, 'Laudantium qui error et mollitia a asperiores. Nesciunt est ab nihil ipsa aliquam consequatur. Ut perspiciatis facilis mollitia dolores iusto dolorem molestias. Omnis dolores aut rerum voluptatum quis quidem. Quia et excepturi reiciendis temporibus.', 168, 72, '2020-09-16 16:29:06', '2020-09-16 16:29:06'),
(501, 'Similique praesentium minima aut ea officiis excepturi. Harum id explicabo suscipit.', 168, 109, '2020-09-16 16:29:06', '2020-09-16 16:29:06'),
(502, 'Fugiat eaque autem et odit inventore. Est et repudiandae necessitatibus aut. At animi minus et dolor earum quis. Aspernatur molestias blanditiis enim unde tempora ut soluta qui. Necessitatibus et non magni nulla enim est dolor iusto.', 169, 33, '2020-09-16 16:29:06', '2020-09-16 16:29:06'),
(503, 'Et incidunt dolor impedit architecto laborum. Corrupti id ab sunt velit aspernatur voluptatem. Aut atque aspernatur quia et ipsum quo eius.', 169, 125, '2020-09-16 16:29:06', '2020-09-16 16:29:06'),
(504, 'Distinctio magnam necessitatibus quia perferendis. Dolor iusto recusandae in quam qui sed. Non et qui asperiores reprehenderit laborum perferendis. Quia tenetur est non asperiores voluptate id.', 169, 129, '2020-09-16 16:29:06', '2020-09-16 16:29:06'),
(505, 'Sit non autem voluptas aliquid vel perspiciatis aut. Adipisci minima autem et ullam eum. Quo quidem iusto suscipit est. Blanditiis nam quo sed dignissimos.', 170, 28, '2020-09-16 16:29:06', '2020-09-16 16:29:06'),
(506, 'Aut quos cumque libero neque voluptatem nihil. Ut eius unde et enim corrupti ut aliquid voluptas. Aliquam eius eaque blanditiis. Animi harum mollitia fugit distinctio culpa est similique omnis.', 170, 72, '2020-09-16 16:29:06', '2020-09-16 16:29:06'),
(507, 'Vel voluptatem non aut occaecati laboriosam. Et magnam ut dignissimos exercitationem.', 170, 145, '2020-09-16 16:29:06', '2020-09-16 16:29:06'),
(508, 'Facilis laborum nostrum quo facere. Nostrum omnis eos et enim ab eveniet est sint. Quo sunt odit nulla quas voluptatem qui alias.', 171, 92, '2020-09-16 16:29:06', '2020-09-16 16:29:06'),
(509, 'Temporibus quam optio a vel omnis fuga quis et. Dolores ducimus qui et. Incidunt odit et non eligendi delectus quae non. Officiis est modi vel quia.', 171, 160, '2020-09-16 16:29:06', '2020-09-16 16:29:06'),
(510, 'Quia delectus nesciunt officia quos et quos facere. Rerum non voluptas maiores laborum. Repellat voluptatum natus ex.', 171, 167, '2020-09-16 16:29:07', '2020-09-16 16:29:07'),
(511, 'Vero commodi dolores in recusandae qui id. Sequi repellat necessitatibus amet sint amet non ut ut. Beatae dolorum fugit nam voluptate eum.', 172, 115, '2020-09-16 16:29:07', '2020-09-16 16:29:07'),
(512, 'Unde animi sequi earum. Dolor optio omnis alias dicta voluptates. Tempore nihil ratione modi atque et adipisci consectetur.', 172, 154, '2020-09-16 16:29:07', '2020-09-16 16:29:07'),
(513, 'Tempora et modi aut laborum rerum. Autem in tenetur voluptas nostrum laboriosam aut libero. Modi unde inventore ea iure harum est voluptas maiores.', 172, 156, '2020-09-16 16:29:07', '2020-09-16 16:29:07'),
(514, 'Tempore vitae distinctio non aut iusto at. Et debitis nostrum aut placeat libero velit. Omnis eum voluptatem exercitationem et rerum aut.', 173, 82, '2020-09-16 16:29:07', '2020-09-16 16:29:07'),
(515, 'Eos rerum quis consequuntur nihil facere incidunt inventore. Ut laboriosam odio expedita fugiat ut sunt hic. Voluptatem ullam sit quasi voluptate tempore voluptas commodi. Et ullam ut veniam atque enim ea.', 173, 119, '2020-09-16 16:29:07', '2020-09-16 16:29:07'),
(516, 'Veritatis reiciendis excepturi nisi eaque officia. Dolorem delectus facere qui at. Voluptates laboriosam hic debitis aliquam eligendi aut facere.', 173, 128, '2020-09-16 16:29:07', '2020-09-16 16:29:07'),
(517, 'Quia et nemo quam temporibus laborum dolorem maiores. Velit odio nulla est vero fuga. Quia voluptatem omnis inventore.', 174, 86, '2020-09-16 16:29:07', '2020-09-16 16:29:07'),
(518, 'Voluptatem ut consequatur pariatur dignissimos omnis. Eum nisi dolores nisi voluptas et alias. Similique voluptas placeat temporibus optio consequatur.', 174, 121, '2020-09-16 16:29:07', '2020-09-16 16:29:07'),
(519, 'Ab eos id praesentium voluptates quod et. Voluptatem sit et velit cum est.', 174, 174, '2020-09-16 16:29:07', '2020-09-16 16:29:07'),
(520, 'Et delectus et sint consectetur qui corporis. Dolor amet qui qui repudiandae est. Ullam ipsum accusantium labore molestiae tenetur sed.', 175, 8, '2020-09-16 16:29:07', '2020-09-16 16:29:07'),
(521, 'Vel aut reprehenderit et animi animi assumenda nesciunt. Temporibus ullam architecto aut qui ea sit aut iusto. Odio tenetur sunt accusamus dignissimos.', 175, 85, '2020-09-16 16:29:07', '2020-09-16 16:29:07'),
(522, 'Quia iste iusto reiciendis facere provident consectetur quis. Est fuga repellendus quod labore eum. Nostrum voluptatem voluptas voluptatem aliquam et. Quos odit ex omnis autem et corrupti.', 175, 96, '2020-09-16 16:29:07', '2020-09-16 16:29:07'),
(523, 'Hic ducimus ab aut maiores. Quis quas enim voluptatem aut id. Repellat consectetur quisquam nihil assumenda.', 176, 56, '2020-09-16 16:29:07', '2020-09-16 16:29:07'),
(524, 'Ullam iste pariatur quo voluptas tempore. Corporis odio ipsam fugit tempora. Amet reprehenderit non nulla in. Perferendis nihil fugiat illo enim alias eligendi. Suscipit voluptates iste doloremque sunt doloremque unde aut dicta.', 176, 63, '2020-09-16 16:29:07', '2020-09-16 16:29:07'),
(525, 'Soluta deleniti ut blanditiis officia aspernatur est soluta. Nostrum nisi rerum sequi dicta tempora omnis. Voluptates officia fugit doloribus deserunt. Laudantium sapiente ipsa maiores ipsam sit quod animi. Aut sed quo dolorem eum quis voluptate eos.', 176, 131, '2020-09-16 16:29:07', '2020-09-16 16:29:07'),
(526, 'Ad repellendus corrupti nihil voluptatem quidem minus. Reiciendis error temporibus ea temporibus nihil ipsa itaque accusantium. Ullam laboriosam ut et ullam. Iste occaecati quam eum quod eius sed qui. Unde non vel autem voluptatem recusandae rerum vitae.', 177, 69, '2020-09-16 16:29:07', '2020-09-16 16:29:07'),
(527, 'At quia omnis sed voluptatem a ad. Ea et expedita nemo et fuga. Et fugiat dolore ea inventore iusto qui. Fugit vel molestias iusto aliquam est sit voluptate nobis.', 177, 100, '2020-09-16 16:29:07', '2020-09-16 16:29:07'),
(528, 'Nihil non maiores quisquam dolorum porro voluptatum temporibus. Est occaecati quasi quibusdam necessitatibus. Eos sapiente necessitatibus distinctio aut enim accusantium modi.', 177, 169, '2020-09-16 16:29:07', '2020-09-16 16:29:07'),
(529, 'Ea consequatur et eveniet nulla consequatur accusantium dolore. Ipsum repudiandae enim non nobis odit optio. Sed quibusdam quis totam explicabo et omnis. Officia quo magni ex.', 178, 7, '2020-09-16 16:29:07', '2020-09-16 16:29:07'),
(530, 'Doloribus aut aut occaecati. Quo quis adipisci voluptatum quo.', 178, 142, '2020-09-16 16:29:07', '2020-09-16 16:29:07'),
(531, 'Exercitationem consequuntur tempore repudiandae iure deserunt culpa omnis. Placeat magnam velit similique dolore laboriosam. Saepe nam consequatur perspiciatis et soluta sed.', 178, 148, '2020-09-16 16:29:07', '2020-09-16 16:29:07'),
(532, 'Perspiciatis dolorum voluptatem est voluptates voluptatem excepturi impedit. Ut sed fugiat aut qui. Quis officia beatae a consequatur voluptatum minus. Est ut aut ad sit repellat fuga.', 179, 17, '2020-09-16 16:29:07', '2020-09-16 16:29:07'),
(533, 'Aut labore culpa dolorem iusto cupiditate ad. Quia officia et in adipisci. Dicta maxime voluptatem maxime sed nemo. Delectus dolores aut quasi pariatur autem quidem est.', 179, 76, '2020-09-16 16:29:07', '2020-09-16 16:29:07'),
(534, 'Et quia ipsam est quia molestiae voluptatem. Eveniet aperiam et ullam voluptatem. Sed officia tenetur aut sed. Facilis repellat distinctio beatae incidunt.', 179, 152, '2020-09-16 16:29:07', '2020-09-16 16:29:07'),
(535, 'Aliquid mollitia aliquid sed ut. Omnis consequatur laudantium corporis harum. Sed magnam aut provident vel quae dicta.', 180, 5, '2020-09-16 16:29:07', '2020-09-16 16:29:07'),
(536, 'Officiis velit minus et fugiat sequi nemo. Voluptatum sed error commodi minus. Aut cumque ipsa omnis ea et iste id. Exercitationem eos tenetur harum est aut perferendis temporibus voluptatem.', 180, 79, '2020-09-16 16:29:07', '2020-09-16 16:29:07'),
(537, 'Itaque repellat eaque reprehenderit. Asperiores placeat velit voluptatem molestiae impedit voluptas natus. Beatae et aliquid error porro aperiam qui. Eum ad facere totam eligendi blanditiis qui optio.', 180, 102, '2020-09-16 16:29:07', '2020-09-16 16:29:07'),
(538, 'Consequatur et et officia maxime labore culpa libero. Ad molestias at nihil magnam error modi quia. Officiis ipsam quia est libero tenetur laboriosam enim.', 181, 23, '2020-09-16 16:29:07', '2020-09-16 16:29:07'),
(539, 'Qui repudiandae accusantium sint. Itaque officiis ad voluptates ex ut aut qui vel. Repellat molestiae exercitationem tenetur beatae. Similique harum voluptate at consequatur.', 181, 167, '2020-09-16 16:29:07', '2020-09-16 16:29:07'),
(540, 'Unde itaque reiciendis similique itaque hic esse. Incidunt ut occaecati rerum aliquam. Quo consequuntur molestiae repellat aperiam et qui non.', 181, 199, '2020-09-16 16:29:07', '2020-09-16 16:29:07'),
(541, 'Fuga ut omnis impedit aliquid tenetur. Reiciendis enim assumenda commodi commodi dignissimos sapiente quis. Itaque voluptatem laboriosam odit dolores voluptas magnam.', 182, 49, '2020-09-16 16:29:07', '2020-09-16 16:29:07'),
(542, 'Ut ut totam qui odio facilis vel. Eaque labore est eveniet quidem. Ad voluptatum rerum sunt blanditiis magnam nemo. Iusto aut cum repellendus est ipsam suscipit occaecati.', 182, 92, '2020-09-16 16:29:07', '2020-09-16 16:29:07'),
(543, 'Saepe optio qui ut a ea. Qui rerum commodi ut autem id. Repudiandae in nemo repellendus magnam consequatur reprehenderit qui.', 182, 148, '2020-09-16 16:29:07', '2020-09-16 16:29:07'),
(544, 'Debitis sit aspernatur assumenda et nam dolores. Fuga aut impedit aut fugiat rerum tempore ipsum. Beatae et consequatur quidem aut qui occaecati. Sed facilis eligendi sit repellat doloremque consectetur. Vel accusamus molestiae dolor nihil.', 183, 81, '2020-09-16 16:29:07', '2020-09-16 16:29:07'),
(545, 'Consequatur laborum doloremque debitis eos nesciunt eos fugit. Saepe deserunt aliquam sed error. Soluta eius non esse dicta recusandae rerum. Aspernatur omnis sit quia vel est sunt. Quas doloremque consequatur aut aut iure consequatur nam.', 183, 173, '2020-09-16 16:29:07', '2020-09-16 16:29:07'),
(546, 'Recusandae necessitatibus eum ut non id et. Rerum omnis maxime error placeat velit sint. Qui et voluptatem sequi ut eius aspernatur. Cupiditate autem rerum sit.', 183, 188, '2020-09-16 16:29:07', '2020-09-16 16:29:07'),
(547, 'Quam odio dolor tempora suscipit optio ut. Eius aliquam ipsa molestias et officia architecto sit. Beatae ad velit alias rem.', 184, 31, '2020-09-16 16:29:07', '2020-09-16 16:29:07'),
(548, 'Et in odit voluptas rem. Dolorem alias veniam aut non.', 184, 156, '2020-09-16 16:29:07', '2020-09-16 16:29:07'),
(549, 'Qui non veritatis deserunt. Expedita alias et modi. Quae fugit harum alias ut. Consectetur hic iure consequatur corporis repellendus nobis quia.', 184, 161, '2020-09-16 16:29:07', '2020-09-16 16:29:07'),
(550, 'Provident corrupti dolor ducimus quia dolor. Nulla quisquam dicta nam accusamus veritatis sapiente assumenda.', 185, 38, '2020-09-16 16:29:07', '2020-09-16 16:29:07'),
(551, 'Aut aut veniam a sequi. Consequatur qui suscipit sequi in consequuntur repudiandae.', 185, 160, '2020-09-16 16:29:08', '2020-09-16 16:29:08'),
(552, 'Rerum libero molestiae velit. Consequatur facilis mollitia repudiandae ea nesciunt voluptates. Delectus eligendi officiis quia repellat voluptas sint.', 185, 164, '2020-09-16 16:29:08', '2020-09-16 16:29:08'),
(553, 'At hic perferendis minima consectetur ratione. Dignissimos enim distinctio officia est officiis qui hic optio. Sapiente aut perferendis beatae. Quia molestias ut nobis sunt qui porro.', 186, 25, '2020-09-16 16:29:08', '2020-09-16 16:29:08'),
(554, 'Animi odio nobis ipsam. Quia voluptatem nobis sit facilis enim commodi temporibus. Ea ea vel id delectus aut minus iure corrupti.', 186, 109, '2020-09-16 16:29:08', '2020-09-16 16:29:08'),
(555, 'Itaque praesentium est rerum eaque aliquid provident. Eligendi facilis iusto consequuntur quibusdam esse qui magni. Amet veniam quo sit in et saepe sit. Esse porro voluptatem cumque nam voluptatem.', 186, 168, '2020-09-16 16:29:08', '2020-09-16 16:29:08'),
(556, 'Pariatur similique sed vel dolorem architecto amet quam. Dolorem consequatur esse dolorum. Ipsam nostrum veniam sint consequatur odio. Fuga dolores consequuntur ad eos nulla ut.', 187, 24, '2020-09-16 16:29:08', '2020-09-16 16:29:08'),
(557, 'Aut numquam magnam quidem vero praesentium mollitia. Labore dolore voluptates corporis quia praesentium odit. Maxime quibusdam omnis et velit et officia quis.', 187, 192, '2020-09-16 16:29:08', '2020-09-16 16:29:08'),
(558, 'Facilis qui et sit commodi iure corrupti. Rerum et dolorem sunt quos ut. Modi inventore sapiente laborum autem nesciunt aut.', 187, 202, '2020-09-16 16:29:08', '2020-09-16 16:29:08'),
(559, 'Aspernatur in dolor non. Autem qui autem et explicabo ad reprehenderit.', 188, 34, '2020-09-16 16:29:08', '2020-09-16 16:29:08'),
(560, 'Quia consequatur illum qui voluptate. Ipsam sed voluptas recusandae fugit. Ut et quis pariatur et ut molestiae exercitationem dolore.', 188, 73, '2020-09-16 16:29:08', '2020-09-16 16:29:08'),
(561, 'Ab dignissimos et aut enim placeat et reprehenderit. Et voluptatem ut fugiat. Nemo est corporis velit pariatur. Hic blanditiis aliquid magnam eius et voluptatum asperiores necessitatibus.', 188, 151, '2020-09-16 16:29:08', '2020-09-16 16:29:08'),
(562, 'Officiis autem quia qui laborum facilis repudiandae tempora autem. Nihil perferendis eius quis laboriosam nemo vel. Ullam blanditiis hic eum et.', 189, 35, '2020-09-16 16:29:08', '2020-09-16 16:29:08'),
(563, 'Sunt qui placeat est est. Voluptatem asperiores enim voluptas quia quia dolorem. Dolor aut ut nesciunt. Et sint temporibus cum voluptatem minima.', 189, 46, '2020-09-16 16:29:08', '2020-09-16 16:29:08'),
(564, 'Doloremque impedit in aut soluta. Eaque commodi culpa et.', 189, 191, '2020-09-16 16:29:08', '2020-09-16 16:29:08'),
(565, 'Velit enim hic sed pariatur a adipisci aut et. Et eum repellat ea repudiandae repellendus debitis corrupti facilis. A fugiat necessitatibus facere quasi eum. Ad fugit qui eius sapiente sint ad.', 190, 4, '2020-09-16 16:29:08', '2020-09-16 16:29:08'),
(566, 'Qui quia minima quae vero. Saepe delectus harum vel accusantium. Debitis ipsam aut debitis ratione ut necessitatibus rerum voluptas.', 190, 66, '2020-09-16 16:29:08', '2020-09-16 16:29:08'),
(567, 'Consequuntur qui deserunt culpa earum et numquam odio. Labore velit est minima similique. Rem qui expedita sit perferendis qui id.', 190, 88, '2020-09-16 16:29:08', '2020-09-16 16:29:08'),
(568, 'Dicta ut reiciendis aliquid eligendi. In et sint qui sint ut illo molestias minima. Repellendus asperiores ullam ullam et nisi iusto pariatur.', 191, 26, '2020-09-16 16:29:08', '2020-09-16 16:29:08'),
(569, 'Ex aliquam et reiciendis qui esse hic molestiae. Necessitatibus et quae sapiente quia quae quae ex. Accusantium qui voluptatem et dolor ipsum odio. Quis quia atque porro et vel qui voluptatibus.', 191, 103, '2020-09-16 16:29:08', '2020-09-16 16:29:08'),
(570, 'Laboriosam corporis ut adipisci eaque. Numquam sequi quis doloremque accusantium nostrum. Delectus dolorem et deleniti aliquid et necessitatibus. Suscipit maiores aut dolores dignissimos consequatur mollitia et. Soluta quaerat sed dicta reprehenderit distinctio voluptates consequuntur.', 191, 201, '2020-09-16 16:29:08', '2020-09-16 16:29:08'),
(571, 'Perspiciatis delectus sit est nulla est numquam nostrum. Consequuntur eligendi error officia officiis hic esse. Consectetur aspernatur qui et eum aut et quo expedita. Beatae velit provident consequatur minima provident.', 192, 46, '2020-09-16 16:29:08', '2020-09-16 16:29:08'),
(572, 'Aut totam consequatur esse voluptatum. Deleniti dolores dignissimos eius dolorem aut assumenda. Reiciendis laudantium quisquam sed tempore id in. Illum ut et est harum quisquam minus. Praesentium maiores non ut ducimus.', 192, 105, '2020-09-16 16:29:08', '2020-09-16 16:29:08'),
(573, 'Commodi assumenda ut laboriosam libero qui omnis in. Laborum provident quaerat et et. Ullam recusandae recusandae vel omnis dolore ea. Iusto totam consequuntur distinctio accusamus facere sit rerum necessitatibus.', 192, 200, '2020-09-16 16:29:08', '2020-09-16 16:29:08'),
(574, 'Est incidunt praesentium ab possimus sit. Incidunt eligendi aut eum et reprehenderit quo. Quos molestiae eum dolorem porro itaque et voluptates.', 193, 49, '2020-09-16 16:29:08', '2020-09-16 16:29:08'),
(575, 'Explicabo quia dolores facere earum maxime. Tempora repudiandae esse ipsum quibusdam ea et. Atque veniam voluptatem quisquam expedita. Architecto ab debitis et rem aliquam.', 193, 54, '2020-09-16 16:29:08', '2020-09-16 16:29:08'),
(576, 'Nihil velit laudantium possimus repellendus et vitae ut. Velit aspernatur cum accusantium quia vero cupiditate eligendi. Voluptatem suscipit non qui praesentium. Quia atque saepe fugit omnis laboriosam itaque laborum.', 193, 177, '2020-09-16 16:29:08', '2020-09-16 16:29:08'),
(577, 'Consectetur voluptatum iste rerum eum dolorem explicabo odit. Culpa quo similique neque rerum recusandae iusto. Perferendis est totam veniam quia id tenetur. Est error qui possimus soluta et id tenetur.', 194, 83, '2020-09-16 16:29:08', '2020-09-16 16:29:08'),
(578, 'Perspiciatis corrupti neque aliquid non. Earum voluptas molestiae rem ut et nisi aut. Repellendus ut harum unde soluta velit et.', 194, 103, '2020-09-16 16:29:08', '2020-09-16 16:29:08'),
(579, 'Error praesentium nostrum et quisquam sit. Dolorum eveniet et sit officia dolor. Laboriosam quia veniam sequi distinctio quae.', 194, 200, '2020-09-16 16:29:08', '2020-09-16 16:29:08'),
(580, 'Necessitatibus quidem et sit unde. At eius vitae sint unde dolor aut.', 195, 76, '2020-09-16 16:29:08', '2020-09-16 16:29:08'),
(581, 'Neque et sit vel in et voluptatem non. Consequatur quaerat esse est natus quia. Quasi ut omnis eos voluptatum.', 195, 105, '2020-09-16 16:29:08', '2020-09-16 16:29:08'),
(582, 'Voluptates debitis nulla quas voluptas officiis alias. Et ut ut atque molestiae. Consectetur consectetur porro delectus. Sit distinctio quia fuga nemo eos cupiditate magni.', 195, 186, '2020-09-16 16:29:08', '2020-09-16 16:29:08'),
(583, 'Ipsa culpa voluptatem at occaecati facilis. Quaerat illum et distinctio quidem ut quae commodi voluptas. Ut qui magnam maxime iure.', 196, 63, '2020-09-16 16:29:08', '2020-09-16 16:29:08'),
(584, 'Eum recusandae eos iure aut assumenda. Beatae sed aut accusamus possimus ullam laborum. Ab ut aut repellendus quia et sint.', 196, 132, '2020-09-16 16:29:08', '2020-09-16 16:29:08'),
(585, 'Aspernatur cupiditate consequatur possimus et possimus ut veniam. Recusandae pariatur inventore ut optio aut placeat voluptas. Suscipit facilis voluptatem aut placeat repudiandae. Temporibus aut vitae provident sint. Minus beatae atque sit fugit voluptatem quis enim.', 196, 146, '2020-09-16 16:29:08', '2020-09-16 16:29:08'),
(586, 'Corrupti vel quasi modi illum enim et. Qui ea commodi nisi fuga consequatur voluptatum. Magni veritatis ab vero. Iure sit atque est ut in dolore.', 197, 99, '2020-09-16 16:29:08', '2020-09-16 16:29:08'),
(587, 'Sint sint assumenda et labore praesentium blanditiis. Pariatur dicta minus sunt explicabo. Corporis voluptatum nisi ratione non aspernatur aliquam facere. Maiores beatae rerum eius quibusdam. Ea ratione id mollitia est voluptas fugiat vero.', 197, 109, '2020-09-16 16:29:08', '2020-09-16 16:29:08'),
(588, 'Ea et est sed aperiam. Quas accusamus fugit ipsam soluta quidem occaecati. Dolorem et molestiae aut quis quo aliquam.', 197, 170, '2020-09-16 16:29:09', '2020-09-16 16:29:09'),
(589, 'Quaerat autem sed voluptatum et quaerat ipsum. Dicta numquam non magnam aliquam. Nihil molestiae hic officiis omnis ipsa impedit est.', 198, 36, '2020-09-16 16:29:09', '2020-09-16 16:29:09'),
(590, 'Sit necessitatibus assumenda repellendus est nobis excepturi corrupti. Ea qui similique amet qui nostrum ex adipisci. Aspernatur iusto aut nihil neque quis ipsam. Enim cumque tenetur iusto.', 198, 48, '2020-09-16 16:29:09', '2020-09-16 16:29:09'),
(591, 'Omnis eos et tempora animi ullam aut. Non rerum mollitia odit distinctio cum accusantium iure. Dolorem dolorum error voluptate velit fuga facilis. Totam iure omnis ad dolorem. Veritatis architecto vel amet et.', 198, 107, '2020-09-16 16:29:09', '2020-09-16 16:29:09'),
(592, 'Id facere suscipit qui eos laboriosam. Est neque quasi fuga ab voluptatum. Unde deserunt aspernatur culpa blanditiis rerum tempore. Reiciendis perspiciatis blanditiis itaque est rerum quae vel.', 199, 24, '2020-09-16 16:29:09', '2020-09-16 16:29:09'),
(593, 'Consequatur amet cupiditate enim est repellat blanditiis non deleniti. Iusto quibusdam voluptate voluptate reprehenderit.', 199, 54, '2020-09-16 16:29:09', '2020-09-16 16:29:09'),
(594, 'Ad voluptatem facere sed sit molestiae officiis eum. Nesciunt itaque aliquam quo. Mollitia autem voluptatum quod dolorem et. Voluptas fugit sequi beatae reiciendis doloribus.', 199, 90, '2020-09-16 16:29:09', '2020-09-16 16:29:09'),
(595, 'Cumque ad recusandae sed commodi nostrum explicabo doloribus. Eius et officiis molestiae voluptatem repellendus facilis.', 200, 47, '2020-09-16 16:29:09', '2020-09-16 16:29:09'),
(596, 'Dolor qui voluptas autem quos consequatur eveniet quos. Aut dolor rerum optio incidunt officia unde. Expedita non debitis doloremque ipsa soluta aut ab omnis.', 200, 49, '2020-09-16 16:29:09', '2020-09-16 16:29:09'),
(597, 'Aut eos delectus ea iure ex magnam perspiciatis. Esse ipsa qui reprehenderit dolor. Sed nam molestias quos tempora doloremque ipsam aperiam.', 200, 149, '2020-09-16 16:29:09', '2020-09-16 16:29:09'),
(598, 'Minus odio sed iusto provident. Doloremque fugit omnis qui hic veniam eum. Quia quam aut magnam voluptatem blanditiis delectus eum. Sed velit quasi dolor dolorem rerum necessitatibus.', 201, 93, '2020-09-16 16:29:09', '2020-09-16 16:29:09'),
(599, 'Sit nulla omnis deleniti minus velit harum quis. Odit ut cupiditate tenetur accusantium consequatur corrupti. Labore quidem vitae vel eos quidem.', 201, 149, '2020-09-16 16:29:09', '2020-09-16 16:29:09'),
(600, 'Tempora excepturi et corrupti aut. Alias odit quibusdam incidunt earum odit quo. Autem beatae ratione ullam eius autem tempora aliquid ut.', 201, 183, '2020-09-16 16:29:09', '2020-09-16 16:29:09'),
(601, 'Impedit deleniti et eos nihil qui ad. Omnis et ipsam quis placeat soluta rem ut. Veniam enim provident et qui enim soluta ratione.', 202, 32, '2020-09-16 16:29:09', '2020-09-16 16:29:09'),
(602, 'Nisi et aliquid odit mollitia molestias aliquid sunt. Recusandae quam ad unde earum. Velit ipsam dolorem dolores magni dolore. Quas sapiente sapiente natus.', 202, 68, '2020-09-16 16:29:09', '2020-09-16 16:29:09'),
(603, 'Aspernatur enim dicta voluptates sed sunt quo earum. Dolorem dolores perferendis quo id nobis. Enim praesentium qui vel.', 202, 174, '2020-09-16 16:29:09', '2020-09-16 16:29:09');

-- --------------------------------------------------------

--
-- Structure de la table `migrations`
--

CREATE TABLE `migrations` (
  `id` int(10) UNSIGNED NOT NULL,
  `migration` varchar(255) COLLATE utf8mb4_unicode_ci NOT NULL,
  `batch` int(11) NOT NULL
) ENGINE=InnoDB DEFAULT CHARSET=utf8mb4 COLLATE=utf8mb4_unicode_ci;

--
-- Déchargement des données de la table `migrations`
--

INSERT INTO `migrations` (`id`, `migration`, `batch`) VALUES
(1, '2014_10_12_000000_create_users_table', 1),
(2, '2014_10_12_100000_create_password_resets_table', 1),
(3, '2019_08_19_000000_create_failed_jobs_table', 1),
(4, '2020_08_26_100012_create_patients_table', 1),
(5, '2020_08_26_100031_create_appointments_table', 1),
(6, '2020_08_26_100101_create_consultations_table', 1),
(7, '2020_08_26_100113_create_orders_table', 1),
(8, '2020_08_26_100124_create_medicaments_table', 1),
(9, '2020_08_26_100125_create_medicament_selecteds_table', 1),
(10, '2020_09_23_093615_create_permission_tables', 2);

-- --------------------------------------------------------

--
-- Structure de la table `model_has_permissions`
--

CREATE TABLE `model_has_permissions` (
  `permission_id` bigint(20) UNSIGNED NOT NULL,
  `model_type` varchar(255) COLLATE utf8mb4_unicode_ci NOT NULL,
  `model_id` bigint(20) UNSIGNED NOT NULL
) ENGINE=InnoDB DEFAULT CHARSET=utf8mb4 COLLATE=utf8mb4_unicode_ci;

-- --------------------------------------------------------

--
-- Structure de la table `model_has_roles`
--

CREATE TABLE `model_has_roles` (
  `role_id` bigint(20) UNSIGNED NOT NULL,
  `model_type` varchar(255) COLLATE utf8mb4_unicode_ci NOT NULL,
  `model_id` bigint(20) UNSIGNED NOT NULL
) ENGINE=InnoDB DEFAULT CHARSET=utf8mb4 COLLATE=utf8mb4_unicode_ci;

--
-- Déchargement des données de la table `model_has_roles`
--

INSERT INTO `model_has_roles` (`role_id`, `model_type`, `model_id`) VALUES
(1, 'App\\User', 1);

-- --------------------------------------------------------

--
-- Structure de la table `orders`
--

CREATE TABLE `orders` (
  `id` bigint(20) UNSIGNED NOT NULL,
  `date_order` date NOT NULL,
  `id_consultation` bigint(20) UNSIGNED NOT NULL,
  `created_at` timestamp NULL DEFAULT NULL,
  `updated_at` timestamp NULL DEFAULT NULL
) ENGINE=InnoDB DEFAULT CHARSET=utf8mb4 COLLATE=utf8mb4_unicode_ci;

--
-- Déchargement des données de la table `orders`
--

INSERT INTO `orders` (`id`, `date_order`, `id_consultation`, `created_at`, `updated_at`) VALUES
(1, '2020-09-14', 1, '2020-09-14 08:54:49', '2020-09-14 08:54:49'),
(4, '2020-09-16', 212, '2020-09-16 09:44:36', '2020-09-16 09:44:36'),
(5, '2020-09-16', 213, '2020-09-16 09:44:36', '2020-09-16 09:44:36'),
(6, '2020-09-16', 214, '2020-09-16 09:44:36', '2020-09-16 09:44:36'),
(7, '2020-09-16', 215, '2020-09-16 09:44:36', '2020-09-16 09:44:36'),
(8, '2020-09-16', 216, '2020-09-16 09:44:37', '2020-09-16 09:44:37'),
(9, '2020-09-16', 217, '2020-09-16 09:44:37', '2020-09-16 09:44:37'),
(10, '2020-09-16', 218, '2020-09-16 09:44:37', '2020-09-16 09:44:37'),
(11, '2020-09-16', 219, '2020-09-16 09:44:37', '2020-09-16 09:44:37'),
(12, '2020-09-17', 220, '2020-09-16 09:44:37', '2020-09-16 09:44:37'),
(13, '2020-09-17', 221, '2020-09-16 09:44:37', '2020-09-16 09:44:37'),
(14, '2020-09-17', 222, '2020-09-16 09:44:37', '2020-09-16 09:44:37'),
(15, '2020-09-17', 223, '2020-09-16 09:44:37', '2020-09-16 09:44:37'),
(16, '2020-09-17', 224, '2020-09-16 09:44:37', '2020-09-16 09:44:37'),
(17, '2020-09-17', 225, '2020-09-16 09:44:37', '2020-09-16 09:44:37'),
(18, '2020-09-17', 226, '2020-09-16 09:44:37', '2020-09-16 09:44:37'),
(19, '2020-09-17', 227, '2020-09-16 09:44:37', '2020-09-16 09:44:37'),
(20, '2020-09-18', 228, '2020-09-16 09:44:37', '2020-09-16 09:44:37'),
(21, '2020-09-18', 229, '2020-09-16 09:44:37', '2020-09-16 09:44:37'),
(22, '2020-09-18', 230, '2020-09-16 09:44:37', '2020-09-16 09:44:37'),
(23, '2020-09-18', 231, '2020-09-16 09:44:37', '2020-09-16 09:44:37'),
(24, '2020-09-18', 232, '2020-09-16 09:44:37', '2020-09-16 09:44:37'),
(25, '2020-09-18', 233, '2020-09-16 09:44:37', '2020-09-16 09:44:37'),
(26, '2020-09-18', 234, '2020-09-16 09:44:37', '2020-09-16 09:44:37'),
(27, '2020-09-18', 235, '2020-09-16 09:44:37', '2020-09-16 09:44:37'),
(28, '2020-09-19', 236, '2020-09-16 09:44:37', '2020-09-16 09:44:37'),
(29, '2020-09-19', 237, '2020-09-16 09:44:37', '2020-09-16 09:44:37'),
(30, '2020-09-19', 238, '2020-09-16 09:44:37', '2020-09-16 09:44:37'),
(31, '2020-09-19', 239, '2020-09-16 09:44:37', '2020-09-16 09:44:37'),
(32, '2020-09-19', 240, '2020-09-16 09:44:37', '2020-09-16 09:44:37'),
(33, '2020-09-19', 241, '2020-09-16 09:44:37', '2020-09-16 09:44:37'),
(34, '2020-09-19', 242, '2020-09-16 09:44:37', '2020-09-16 09:44:37'),
(35, '2020-09-19', 243, '2020-09-16 09:44:37', '2020-09-16 09:44:37'),
(36, '2020-09-20', 244, '2020-09-16 09:44:37', '2020-09-16 09:44:37'),
(37, '2020-09-20', 245, '2020-09-16 09:44:37', '2020-09-16 09:44:37'),
(38, '2020-09-20', 246, '2020-09-16 09:44:37', '2020-09-16 09:44:37'),
(39, '2020-09-20', 247, '2020-09-16 09:44:37', '2020-09-16 09:44:37'),
(40, '2020-09-20', 248, '2020-09-16 09:44:37', '2020-09-16 09:44:37'),
(41, '2020-09-20', 249, '2020-09-16 09:44:37', '2020-09-16 09:44:37'),
(42, '2020-09-20', 250, '2020-09-16 09:44:37', '2020-09-16 09:44:37'),
(43, '2020-09-20', 251, '2020-09-16 09:44:37', '2020-09-16 09:44:37'),
(44, '2020-09-21', 252, '2020-09-16 09:44:37', '2020-09-16 09:44:37'),
(45, '2020-09-21', 253, '2020-09-16 09:44:37', '2020-09-16 09:44:37'),
(46, '2020-09-21', 254, '2020-09-16 09:44:37', '2020-09-16 09:44:37'),
(47, '2020-09-21', 255, '2020-09-16 09:44:38', '2020-09-16 09:44:38'),
(48, '2020-09-21', 256, '2020-09-16 09:44:38', '2020-09-16 09:44:38'),
(49, '2020-09-21', 257, '2020-09-16 09:44:38', '2020-09-16 09:44:38'),
(50, '2020-09-21', 258, '2020-09-16 09:44:38', '2020-09-16 09:44:38'),
(51, '2020-09-21', 259, '2020-09-16 09:44:38', '2020-09-16 09:44:38'),
(52, '2020-09-22', 260, '2020-09-16 09:44:38', '2020-09-16 09:44:38'),
(53, '2020-09-22', 261, '2020-09-16 09:44:38', '2020-09-16 09:44:38'),
(54, '2020-09-22', 262, '2020-09-16 09:44:38', '2020-09-16 09:44:38'),
(55, '2020-09-22', 263, '2020-09-16 09:44:38', '2020-09-16 09:44:38'),
(56, '2020-09-22', 264, '2020-09-16 09:44:38', '2020-09-16 09:44:38'),
(57, '2020-09-22', 265, '2020-09-16 09:44:38', '2020-09-16 09:44:38'),
(58, '2020-09-22', 266, '2020-09-16 09:44:38', '2020-09-16 09:44:38'),
(59, '2020-09-22', 267, '2020-09-16 09:44:38', '2020-09-16 09:44:38'),
(60, '2020-09-23', 268, '2020-09-16 09:44:38', '2020-09-16 09:44:38'),
(61, '2020-09-23', 269, '2020-09-16 09:44:38', '2020-09-16 09:44:38'),
(62, '2020-09-23', 270, '2020-09-16 09:44:38', '2020-09-16 09:44:38'),
(63, '2020-09-23', 271, '2020-09-16 09:44:38', '2020-09-16 09:44:38'),
(64, '2020-09-23', 272, '2020-09-16 09:44:38', '2020-09-16 09:44:38'),
(65, '2020-09-23', 273, '2020-09-16 09:44:38', '2020-09-16 09:44:38'),
(66, '2020-09-23', 274, '2020-09-16 09:44:38', '2020-09-16 09:44:38'),
(67, '2020-09-23', 275, '2020-09-16 09:44:38', '2020-09-16 09:44:38'),
(68, '2020-09-24', 276, '2020-09-16 09:44:38', '2020-09-16 09:44:38'),
(69, '2020-09-24', 277, '2020-09-16 09:44:38', '2020-09-16 09:44:38'),
(70, '2020-09-24', 278, '2020-09-16 09:44:38', '2020-09-16 09:44:38'),
(71, '2020-09-24', 279, '2020-09-16 09:44:38', '2020-09-16 09:44:38'),
(72, '2020-09-24', 280, '2020-09-16 09:44:38', '2020-09-16 09:44:38'),
(73, '2020-09-24', 281, '2020-09-16 09:44:38', '2020-09-16 09:44:38'),
(74, '2020-09-24', 282, '2020-09-16 09:44:38', '2020-09-16 09:44:38'),
(75, '2020-09-24', 283, '2020-09-16 09:44:38', '2020-09-16 09:44:38'),
(76, '2020-09-25', 284, '2020-09-16 09:44:38', '2020-09-16 09:44:38'),
(77, '2020-09-25', 285, '2020-09-16 09:44:38', '2020-09-16 09:44:38'),
(78, '2020-09-25', 286, '2020-09-16 09:44:38', '2020-09-16 09:44:38'),
(79, '2020-09-25', 287, '2020-09-16 09:44:38', '2020-09-16 09:44:38'),
(80, '2020-09-25', 288, '2020-09-16 09:44:38', '2020-09-16 09:44:38'),
(81, '2020-09-25', 289, '2020-09-16 09:44:38', '2020-09-16 09:44:38'),
(82, '2020-09-25', 290, '2020-09-16 09:44:38', '2020-09-16 09:44:38'),
(83, '2020-09-25', 291, '2020-09-16 09:44:39', '2020-09-16 09:44:39'),
(84, '2020-09-26', 292, '2020-09-16 09:44:39', '2020-09-16 09:44:39'),
(85, '2020-09-26', 293, '2020-09-16 09:44:39', '2020-09-16 09:44:39'),
(86, '2020-09-26', 294, '2020-09-16 09:44:39', '2020-09-16 09:44:39'),
(87, '2020-09-26', 295, '2020-09-16 09:44:39', '2020-09-16 09:44:39'),
(88, '2020-09-26', 296, '2020-09-16 09:44:39', '2020-09-16 09:44:39'),
(89, '2020-09-26', 297, '2020-09-16 09:44:39', '2020-09-16 09:44:39'),
(90, '2020-09-26', 298, '2020-09-16 09:44:39', '2020-09-16 09:44:39'),
(91, '2020-09-26', 299, '2020-09-16 09:44:39', '2020-09-16 09:44:39'),
(92, '2020-09-27', 300, '2020-09-16 09:44:39', '2020-09-16 09:44:39'),
(93, '2020-09-27', 301, '2020-09-16 09:44:39', '2020-09-16 09:44:39'),
(94, '2020-09-27', 302, '2020-09-16 09:44:39', '2020-09-16 09:44:39'),
(95, '2020-09-27', 303, '2020-09-16 09:44:39', '2020-09-16 09:44:39'),
(96, '2020-09-27', 304, '2020-09-16 09:44:39', '2020-09-16 09:44:39'),
(97, '2020-09-27', 305, '2020-09-16 09:44:39', '2020-09-16 09:44:39'),
(98, '2020-09-27', 306, '2020-09-16 09:44:39', '2020-09-16 09:44:39'),
(99, '2020-09-27', 307, '2020-09-16 09:44:39', '2020-09-16 09:44:39'),
(100, '2020-09-28', 308, '2020-09-16 09:44:39', '2020-09-16 09:44:39'),
(101, '2020-09-28', 309, '2020-09-16 09:44:39', '2020-09-16 09:44:39'),
(102, '2020-09-28', 310, '2020-09-16 09:44:39', '2020-09-16 09:44:39'),
(103, '2020-09-28', 311, '2020-09-16 09:44:39', '2020-09-16 09:44:39'),
(104, '2020-09-28', 312, '2020-09-16 09:44:39', '2020-09-16 09:44:39'),
(105, '2020-09-28', 313, '2020-09-16 09:44:39', '2020-09-16 09:44:39'),
(106, '2020-09-28', 314, '2020-09-16 09:44:39', '2020-09-16 09:44:39'),
(107, '2020-09-28', 315, '2020-09-16 09:44:39', '2020-09-16 09:44:39'),
(108, '2020-09-29', 316, '2020-09-16 09:44:39', '2020-09-16 09:44:39'),
(109, '2020-09-29', 317, '2020-09-16 09:44:39', '2020-09-16 09:44:39'),
(110, '2020-09-29', 318, '2020-09-16 09:44:39', '2020-09-16 09:44:39'),
(111, '2020-09-29', 319, '2020-09-16 09:44:39', '2020-09-16 09:44:39'),
(112, '2020-09-29', 320, '2020-09-16 09:44:40', '2020-09-16 09:44:40'),
(113, '2020-09-29', 321, '2020-09-16 09:44:40', '2020-09-16 09:44:40'),
(114, '2020-09-29', 322, '2020-09-16 09:44:40', '2020-09-16 09:44:40'),
(115, '2020-09-29', 323, '2020-09-16 09:44:40', '2020-09-16 09:44:40'),
(116, '2020-09-30', 324, '2020-09-16 09:44:40', '2020-09-16 09:44:40'),
(117, '2020-09-30', 325, '2020-09-16 09:44:40', '2020-09-16 09:44:40'),
(118, '2020-09-30', 326, '2020-09-16 09:44:40', '2020-09-16 09:44:40'),
(119, '2020-09-30', 327, '2020-09-16 09:44:40', '2020-09-16 09:44:40'),
(120, '2020-09-30', 328, '2020-09-16 09:44:40', '2020-09-16 09:44:40'),
(121, '2020-09-30', 329, '2020-09-16 09:44:40', '2020-09-16 09:44:40'),
(122, '2020-09-30', 330, '2020-09-16 09:44:40', '2020-09-16 09:44:40'),
(123, '2020-09-30', 331, '2020-09-16 09:44:40', '2020-09-16 09:44:40'),
(124, '2020-10-01', 332, '2020-09-16 09:46:11', '2020-09-16 09:46:11'),
(125, '2020-10-01', 333, '2020-09-16 09:46:11', '2020-09-16 09:46:11'),
(126, '2020-10-01', 334, '2020-09-16 09:46:11', '2020-09-16 09:46:11'),
(127, '2020-10-01', 335, '2020-09-16 09:46:11', '2020-09-16 09:46:11'),
(128, '2020-10-01', 336, '2020-09-16 09:46:11', '2020-09-16 09:46:11'),
(129, '2020-10-01', 337, '2020-09-16 09:46:11', '2020-09-16 09:46:11'),
(130, '2020-10-01', 338, '2020-09-16 09:46:11', '2020-09-16 09:46:11'),
(131, '2020-10-01', 339, '2020-09-16 09:46:11', '2020-09-16 09:46:11'),
(132, '2020-10-02', 340, '2020-09-16 09:46:11', '2020-09-16 09:46:11'),
(133, '2020-10-02', 341, '2020-09-16 09:46:11', '2020-09-16 09:46:11'),
(134, '2020-10-02', 342, '2020-09-16 09:46:11', '2020-09-16 09:46:11'),
(135, '2020-10-02', 343, '2020-09-16 09:46:11', '2020-09-16 09:46:11'),
(136, '2020-10-02', 344, '2020-09-16 09:46:11', '2020-09-16 09:46:11'),
(137, '2020-10-02', 345, '2020-09-16 09:46:11', '2020-09-16 09:46:11'),
(138, '2020-10-02', 346, '2020-09-16 09:46:11', '2020-09-16 09:46:11'),
(139, '2020-10-02', 347, '2020-09-16 09:46:11', '2020-09-16 09:46:11'),
(140, '2020-10-03', 348, '2020-09-16 09:46:11', '2020-09-16 09:46:11'),
(141, '2020-10-03', 349, '2020-09-16 09:46:11', '2020-09-16 09:46:11'),
(142, '2020-10-03', 350, '2020-09-16 09:46:11', '2020-09-16 09:46:11'),
(143, '2020-10-03', 351, '2020-09-16 09:46:11', '2020-09-16 09:46:11'),
(144, '2020-10-03', 352, '2020-09-16 09:46:11', '2020-09-16 09:46:11'),
(145, '2020-10-03', 353, '2020-09-16 09:46:11', '2020-09-16 09:46:11'),
(146, '2020-10-03', 354, '2020-09-16 09:46:11', '2020-09-16 09:46:11'),
(147, '2020-10-03', 355, '2020-09-16 09:46:11', '2020-09-16 09:46:11'),
(148, '2020-10-04', 356, '2020-09-16 09:46:11', '2020-09-16 09:46:11'),
(149, '2020-10-04', 357, '2020-09-16 09:46:11', '2020-09-16 09:46:11'),
(150, '2020-10-04', 358, '2020-09-16 09:46:11', '2020-09-16 09:46:11'),
(151, '2020-10-04', 359, '2020-09-16 09:46:12', '2020-09-16 09:46:12'),
(152, '2020-10-04', 360, '2020-09-16 09:46:12', '2020-09-16 09:46:12'),
(153, '2020-10-04', 361, '2020-09-16 09:46:12', '2020-09-16 09:46:12'),
(154, '2020-10-04', 362, '2020-09-16 09:46:12', '2020-09-16 09:46:12'),
(155, '2020-10-04', 363, '2020-09-16 09:46:12', '2020-09-16 09:46:12'),
(156, '2020-10-05', 364, '2020-09-16 09:46:12', '2020-09-16 09:46:12'),
(157, '2020-10-05', 365, '2020-09-16 09:46:12', '2020-09-16 09:46:12'),
(158, '2020-10-05', 366, '2020-09-16 09:46:12', '2020-09-16 09:46:12'),
(159, '2020-10-05', 367, '2020-09-16 09:46:12', '2020-09-16 09:46:12'),
(160, '2020-10-05', 368, '2020-09-16 09:46:12', '2020-09-16 09:46:12'),
(161, '2020-10-05', 369, '2020-09-16 09:46:12', '2020-09-16 09:46:12'),
(162, '2020-10-05', 370, '2020-09-16 09:46:12', '2020-09-16 09:46:12'),
(163, '2020-10-05', 371, '2020-09-16 09:46:12', '2020-09-16 09:46:12'),
(164, '2020-10-06', 372, '2020-09-16 09:46:12', '2020-09-16 09:46:12'),
(165, '2020-10-06', 373, '2020-09-16 09:46:12', '2020-09-16 09:46:12'),
(166, '2020-10-06', 374, '2020-09-16 09:46:12', '2020-09-16 09:46:12'),
(167, '2020-10-06', 375, '2020-09-16 09:46:12', '2020-09-16 09:46:12'),
(168, '2020-10-06', 376, '2020-09-16 09:46:12', '2020-09-16 09:46:12'),
(169, '2020-10-06', 377, '2020-09-16 09:46:12', '2020-09-16 09:46:12'),
(170, '2020-10-06', 378, '2020-09-16 09:46:12', '2020-09-16 09:46:12'),
(171, '2020-10-06', 379, '2020-09-16 09:46:12', '2020-09-16 09:46:12'),
(172, '2020-10-07', 380, '2020-09-16 09:46:12', '2020-09-16 09:46:12'),
(173, '2020-10-07', 381, '2020-09-16 09:46:12', '2020-09-16 09:46:12'),
(174, '2020-10-07', 382, '2020-09-16 09:46:12', '2020-09-16 09:46:12'),
(175, '2020-10-07', 383, '2020-09-16 09:46:12', '2020-09-16 09:46:12'),
(176, '2020-10-07', 384, '2020-09-16 09:46:12', '2020-09-16 09:46:12'),
(177, '2020-10-07', 385, '2020-09-16 09:46:12', '2020-09-16 09:46:12'),
(178, '2020-10-07', 386, '2020-09-16 09:46:12', '2020-09-16 09:46:12'),
(179, '2020-10-07', 387, '2020-09-16 09:46:12', '2020-09-16 09:46:12'),
(180, '2020-10-08', 388, '2020-09-16 09:46:12', '2020-09-16 09:46:12'),
(181, '2020-10-08', 389, '2020-09-16 09:46:12', '2020-09-16 09:46:12'),
(182, '2020-10-08', 390, '2020-09-16 09:46:12', '2020-09-16 09:46:12'),
(183, '2020-10-08', 391, '2020-09-16 09:46:13', '2020-09-16 09:46:13'),
(184, '2020-10-08', 392, '2020-09-16 09:46:13', '2020-09-16 09:46:13'),
(185, '2020-10-08', 393, '2020-09-16 09:46:13', '2020-09-16 09:46:13'),
(186, '2020-10-08', 394, '2020-09-16 09:46:13', '2020-09-16 09:46:13'),
(187, '2020-10-08', 395, '2020-09-16 09:46:13', '2020-09-16 09:46:13'),
(188, '2020-10-09', 396, '2020-09-16 09:46:13', '2020-09-16 09:46:13'),
(189, '2020-10-09', 397, '2020-09-16 09:46:13', '2020-09-16 09:46:13'),
(190, '2020-10-09', 398, '2020-09-16 09:46:13', '2020-09-16 09:46:13'),
(191, '2020-10-09', 399, '2020-09-16 09:46:13', '2020-09-16 09:46:13'),
(192, '2020-10-09', 400, '2020-09-16 09:46:13', '2020-09-16 09:46:13'),
(193, '2020-10-09', 401, '2020-09-16 09:46:13', '2020-09-16 09:46:13'),
(194, '2020-10-09', 402, '2020-09-16 09:46:13', '2020-09-16 09:46:13'),
(195, '2020-10-09', 403, '2020-09-16 09:46:13', '2020-09-16 09:46:13'),
(196, '2020-10-10', 404, '2020-09-16 09:46:13', '2020-09-16 09:46:13'),
(197, '2020-10-10', 405, '2020-09-16 09:46:13', '2020-09-16 09:46:13'),
(198, '2020-10-10', 406, '2020-09-16 09:46:13', '2020-09-16 09:46:13'),
(199, '2020-10-10', 407, '2020-09-16 09:46:13', '2020-09-16 09:46:13'),
(200, '2020-10-10', 408, '2020-09-16 09:46:13', '2020-09-16 09:46:13'),
(201, '2020-10-10', 409, '2020-09-16 09:46:13', '2020-09-16 09:46:13'),
(202, '2020-10-10', 410, '2020-09-16 09:46:13', '2020-09-16 09:46:13'),
(203, '2020-10-10', 411, '2020-09-16 09:46:13', '2020-09-16 09:46:13'),
(204, '2020-09-29', 409, '2020-09-29 14:44:40', '2020-09-29 14:44:40'),
(205, '2020-09-29', 409, '2020-09-29 14:46:48', '2020-09-29 14:46:48');

-- --------------------------------------------------------

--
-- Structure de la table `password_resets`
--

CREATE TABLE `password_resets` (
  `email` varchar(255) COLLATE utf8mb4_unicode_ci NOT NULL,
  `token` varchar(255) COLLATE utf8mb4_unicode_ci NOT NULL,
  `created_at` timestamp NULL DEFAULT NULL
) ENGINE=InnoDB DEFAULT CHARSET=utf8mb4 COLLATE=utf8mb4_unicode_ci;

--
-- Déchargement des données de la table `password_resets`
--

INSERT INTO `password_resets` (`email`, `token`, `created_at`) VALUES
('test@test.com', '$2y$10$EDUrwwKEFV5XBX0CHdgvHeyQwZBF1IhoNaJ8cy.XRFBDRmVPOf7NG', '2020-08-28 08:54:31');

-- --------------------------------------------------------

--
-- Structure de la table `patients`
--

CREATE TABLE `patients` (
  `id` bigint(20) UNSIGNED NOT NULL,
  `firstname` varchar(255) COLLATE utf8mb4_unicode_ci NOT NULL,
  `lastname` varchar(255) COLLATE utf8mb4_unicode_ci NOT NULL,
  `birthday` date NOT NULL,
  `sex` char(1) COLLATE utf8mb4_unicode_ci NOT NULL,
  `address` varchar(255) COLLATE utf8mb4_unicode_ci NOT NULL,
  `phone` varchar(255) COLLATE utf8mb4_unicode_ci NOT NULL,
  `email` varchar(255) COLLATE utf8mb4_unicode_ci NOT NULL,
  `created_at` timestamp NULL DEFAULT NULL,
  `updated_at` timestamp NULL DEFAULT NULL
) ENGINE=InnoDB DEFAULT CHARSET=utf8mb4 COLLATE=utf8mb4_unicode_ci;

--
-- Déchargement des données de la table `patients`
--

INSERT INTO `patients` (`id`, `firstname`, `lastname`, `birthday`, `sex`, `address`, `phone`, `email`, `created_at`, `updated_at`) VALUES
(2, 'johne', 'Doe', '2022-04-09', 'M', 'ZEMMOURI 1 IMM/ATLAS NO 62 TANGER', '0611947851', 'java.mohammed@gmail.com', '2020-09-01 14:37:20', '2020-09-03 13:58:03'),
(3, 'Mohammed', 'Bouchta', '2020-09-10', 'M', 'ZEMMOURI 1 IMM/ATLAS NO 62 TANGER', '0611947851', 'java.mohammed@gmail.com', '2020-09-01 15:06:14', '2020-09-01 15:06:14'),
(4, 'Moha', 'Sfoud', '1990-09-05', 'M', 'ZEMMOURI 1 IMM/ATLAS NO 62 TANGER', '0611947851', 'java.mohammed@gmail.com', '2020-09-01 15:14:48', '2020-09-03 13:58:16'),
(5, 'Samir', 'Kamel', '2020-09-10', 'M', 'Roue de test 200', '0215487956', 'Test@test.com', '2020-09-01 15:15:49', '2020-09-02 14:30:54'),
(6, 'Hakim', 'Hoklo', '1974-05-11', 'M', 'ZEMMOURI 1 IMM/ATLAS NO 62 TANGER', '0611947851', 'java.mohammed@gmail.com', '2020-09-01 15:23:43', '2020-09-02 14:30:07'),
(7, 'Mr.Test', 'Gmai', '1984-08-07', 'F', 'Roue de test 200', '0124854695', 'Test@zzzz.com', '2020-09-02 14:04:26', '2020-09-02 14:04:26'),
(8, 'Kieran', 'Mante', '2019-11-01', 'M', '7073 Leuschke Point Apt. 493\nElenormouth, AK 98005-7913', '+6500096369079', 'ahyatt@gmail.com', '2020-09-16 08:55:14', '2020-09-16 08:55:14'),
(9, 'Donna', 'McDermott', '1992-05-18', 'F', '83497 Quitzon Mountains\nLake Anafurt, NJ 77012-1319', '+6826614304544', 'smitham.winona@collins.com', '2020-09-16 08:55:14', '2020-09-16 08:55:14'),
(10, 'Russel', 'McCullough', '1975-04-05', 'M', '3320 Sporer Orchard Apt. 826\nEast Jalen, FL 77292', '+6167084040694', 'asia96@hills.net', '2020-09-16 08:55:14', '2020-09-16 08:55:14'),
(11, 'Meaghan', 'Wehner', '2006-11-25', 'F', '4203 Gusikowski Spur Suite 445\nLakinberg, PA 00196', '+5318876038265', 'devonte55@hotmail.com', '2020-09-16 08:55:14', '2020-09-16 08:55:14'),
(12, 'Margarette', 'Schumm', '1973-06-15', 'M', '33403 Schoen Ways\nBashirianmouth, FL 85866', '+5836894650545', 'wgoodwin@kerluke.com', '2020-09-16 08:55:14', '2020-09-16 08:55:14'),
(13, 'Johnson', 'Ryan', '1970-02-23', 'F', '609 Chelsea Prairie Suite 176\nMicheleburgh, SC 99321', '+2406552902045', 'jenkins.austyn@hotmail.com', '2020-09-16 08:55:14', '2020-09-16 08:55:14'),
(14, 'Jennie', 'Lowe', '2005-10-23', 'M', '372 Leanna Burg\nOrnfurt, OK 75049', '+6676217637301', 'kayleigh.smith@hotmail.com', '2020-09-16 08:55:14', '2020-09-16 08:55:14'),
(15, 'Gabriella', 'Prohaska', '1992-08-06', 'F', '77497 Shields Springs\nPattietown, CT 32457-3386', '+8693219507833', 'erna.champlin@mccullough.com', '2020-09-16 08:55:14', '2020-09-16 08:55:14'),
(16, 'Germaine', 'Gorczany', '1977-02-27', 'M', '4449 Buckridge Gardens Suite 286\nLake Reynold, ND 38930', '+2891346759727', 'alvah86@schulist.com', '2020-09-16 08:55:14', '2020-09-16 08:55:14'),
(17, 'Herminia', 'Dach', '1981-11-05', 'F', '916 Funk Centers\nEast Darrell, FL 43159', '+7895866310712', 'filomena.collins@gmail.com', '2020-09-16 08:55:14', '2020-09-16 08:55:14'),
(18, 'Valentine', 'Stoltenberg', '1979-05-13', 'M', '74628 Eichmann Shoal Suite 639\nSouth Pansyberg, MO 55070', '+8989220528760', 'ehagenes@gmail.com', '2020-09-16 08:55:14', '2020-09-16 08:55:14'),
(19, 'Marcos', 'Hansen', '2001-04-07', 'F', '91418 Jett Locks Apt. 504\nBrandoshire, DC 90244', '+5625336423642', 'stracke.mortimer@mraz.com', '2020-09-16 08:55:14', '2020-09-16 08:55:14'),
(20, 'Bethel', 'Turcotte', '2006-11-14', 'M', '55828 Rippin Mall Apt. 037\nKohlerstad, WA 74832-0861', '+3248581155246', 'lowe.roxanne@gleichner.net', '2020-09-16 08:55:14', '2020-09-16 08:55:14'),
(21, 'Elenora', 'Legros', '2016-06-07', 'F', '859 Koelpin Stream\nWest Citlallistad, WV 90861', '+7048449856408', 'marianna.ward@gmail.com', '2020-09-16 08:55:14', '2020-09-16 08:55:14'),
(22, 'Winona', 'Schinner', '1974-01-24', 'M', '30582 Zack Wall\nNew Parisview, IL 26031', '+4272300502446', 'jonas.hammes@blick.net', '2020-09-16 08:55:14', '2020-09-16 08:55:14'),
(23, 'Leonora', 'Altenwerth', '1980-02-27', 'F', '62258 Kenny Courts Suite 382\nNorth Cornelius, ME 51130-5648', '+3774538484189', 'rogahn.leanne@yahoo.com', '2020-09-16 08:55:14', '2020-09-16 08:55:14'),
(24, 'Elmore', 'Bechtelar', '2012-01-10', 'M', '7853 Sanford Summit Apt. 955\nPort Mariano, AK 97432', '+2172383538942', 'corwin.doris@frami.com', '2020-09-16 08:55:14', '2020-09-16 08:55:14'),
(25, 'Kaia', 'Herman', '2009-02-22', 'F', '9819 Smitham Circle\nSidside, DE 94276', '+8925319701848', 'murray.thad@hotmail.com', '2020-09-16 08:55:14', '2020-09-16 08:55:14'),
(26, 'Concepcion', 'Runolfsdottir', '1994-10-03', 'M', '72727 Sunny Crest\nKonopelskiborough, ID 79984-9103', '+6404767709195', 'samantha66@hotmail.com', '2020-09-16 08:55:14', '2020-09-16 08:55:14'),
(27, 'Layne', 'Simonis', '1999-01-20', 'F', '368 Ed Knoll\nSouth Brownchester, CT 47536-0102', '+4923835525385', 'dstamm@nikolaus.net', '2020-09-16 08:55:14', '2020-09-16 08:55:14'),
(28, 'Kenny', 'Weber', '2003-06-10', 'M', '489 Stamm Lake\nPort Timmothy, IA 81478-3341', '+1927876082536', 'zella.ryan@lind.com', '2020-09-16 08:55:15', '2020-09-16 08:55:15'),
(29, 'Sofia', 'Hackett', '1977-06-14', 'F', '7039 Theron Station\nAddisonborough, KY 26814', '+5882002389698', 'hilda21@brakus.net', '2020-09-16 08:55:15', '2020-09-16 08:55:15'),
(30, 'Thad', 'Grant', '2001-05-26', 'M', '755 Rodriguez Road Apt. 668\nEast Margarettbury, DE 40966-2724', '+9004194177402', 'winifred.goldner@mosciski.info', '2020-09-16 08:55:15', '2020-09-16 08:55:15'),
(31, 'Chelsea', 'Wehner', '1970-05-12', 'F', '988 Lehner Trace Suite 146\nWest Cedrickfort, VA 16213-0296', '+7305903391057', 'zgottlieb@bosco.com', '2020-09-16 08:55:15', '2020-09-16 08:55:15'),
(32, 'Calista', 'Turcotte', '1976-12-04', 'M', '9397 Scarlett Lodge\nDallasbury, KY 36961-5848', '+7402340716007', 'eritchie@yahoo.com', '2020-09-16 08:55:15', '2020-09-16 08:55:15'),
(33, 'Jacklyn', 'Nikolaus', '1980-12-17', 'F', '780 Stephany Crossing\nNorth Felipaland, TX 52247', '+7003984403348', 'mjohns@medhurst.com', '2020-09-16 08:55:15', '2020-09-16 08:55:15'),
(34, 'Malachi', 'Cruickshank', '1991-06-22', 'M', '99363 Hane Groves Suite 454\nNew Maryam, VA 39642-6088', '+7316983688030', 'esta55@zulauf.com', '2020-09-16 08:55:15', '2020-09-16 08:55:15'),
(35, 'Derrick', 'Sipes', '1975-01-23', 'F', '665 Alize Stream\nNew Kimton, AL 75268', '+3409013536453', 'charlotte37@hotmail.com', '2020-09-16 08:55:15', '2020-09-16 08:55:15'),
(36, 'Addison', 'Ortiz', '1971-11-04', 'M', '77031 Florencio Station\nEdwinaport, SC 85752', '+7225073670518', 'vance.vandervort@gmail.com', '2020-09-16 08:55:15', '2020-09-16 08:55:15'),
(37, 'Waylon', 'Stark', '1970-01-19', 'F', '4815 Jed Street Suite 702\nSporertown, KY 02006', '+5625900834440', 'leffler.emerald@wiegand.biz', '2020-09-16 08:55:15', '2020-09-16 08:55:15'),
(38, 'Gerda', 'Dooley', '1992-07-14', 'M', '71416 O\'Keefe Street\nJaedenburgh, HI 29525-5999', '+2827806305634', 'beahan.juliana@vonrueden.biz', '2020-09-16 08:55:15', '2020-09-16 08:55:15'),
(39, 'Sheila', 'Lubowitz', '2012-03-28', 'F', '2881 Hane Meadows\nNorth Bulahshire, TX 80716', '+6385435754729', 'watsica.jevon@hamill.com', '2020-09-16 08:55:15', '2020-09-16 08:55:15'),
(40, 'Sally', 'Eichmann', '1990-02-03', 'M', '813 Kaylin Gardens\nSouth Alfordton, CA 91632', '+7999626961439', 'rowe.rodrigo@hotmail.com', '2020-09-16 08:55:15', '2020-09-16 08:55:15'),
(41, 'Wade', 'Olson', '2014-05-16', 'F', '76734 Domenic Causeway Apt. 561\nWest Roman, CO 09585-5890', '+8129830629178', 'abigayle.nicolas@bashirian.biz', '2020-09-16 08:55:15', '2020-09-16 08:55:15'),
(42, 'Ludwig', 'Kub', '2001-06-15', 'M', '515 Rowe Station\nLake Cristina, CT 50445-1539', '+3828518899661', 'fred.huels@gmail.com', '2020-09-16 08:55:15', '2020-09-16 08:55:15'),
(43, 'Lila', 'Spinka', '2005-11-07', 'F', '463 Tromp Light Apt. 344\nNew Leda, ND 83601', '+9732081262845', 'emie42@gmail.com', '2020-09-16 08:55:15', '2020-09-16 08:55:15'),
(44, 'Lafayette', 'Purdy', '1997-02-01', 'M', '472 Rogers Manors\nNorth Rodolfostad, AK 03408-8139', '+1494990903805', 'cielo.treutel@walker.com', '2020-09-16 08:55:15', '2020-09-16 08:55:15'),
(45, 'Chet', 'DuBuque', '2009-04-25', 'F', '35526 Buckridge Loop\nEast Rodolfotown, NV 71723-5425', '+1117324773033', 'mhaley@spinka.com', '2020-09-16 08:55:15', '2020-09-16 08:55:15'),
(46, 'Riley', 'Stamm', '1983-10-04', 'M', '83760 Sauer Ports\nNew Matilda, CO 83686-2863', '+3700398999870', 'laurie.wuckert@fisher.biz', '2020-09-16 08:55:15', '2020-09-16 08:55:15'),
(47, 'Rosalyn', 'Boyer', '1973-10-19', 'F', '2734 Nichole Passage Apt. 838\nNew Marcellusville, ID 60377-8676', '+7277119505569', 'darrel37@kub.org', '2020-09-16 08:55:15', '2020-09-16 08:55:15'),
(48, 'Rowland', 'Kuvalis', '1996-02-26', 'M', '52940 Lemke Roads\nEmmychester, WI 43173', '+6922868091263', 'eleanore56@yahoo.com', '2020-09-16 08:55:15', '2020-09-16 08:55:15'),
(49, 'Alyce', 'O\'Connell', '1995-11-22', 'F', '8470 Fisher Ford Apt. 027\nGleichnerville, MA 42782', '+3941125791735', 'jennings12@hotmail.com', '2020-09-16 08:55:15', '2020-09-16 08:55:15'),
(50, 'Jamison', 'Hauck', '2010-05-06', 'M', '62746 Modesta Gardens\nMurazikchester, DC 62671', '+3140729975883', 'emurphy@sipes.com', '2020-09-16 08:55:15', '2020-09-16 08:55:15'),
(51, 'Mae', 'Stracke', '2005-04-29', 'F', '9000 Mills Turnpike\nPort Verlie, LA 48173', '+7653834491759', 'wilma83@lebsack.com', '2020-09-16 08:55:15', '2020-09-16 08:55:15'),
(52, 'Maxie', 'Cartwright', '2018-07-06', 'M', '4892 Zemlak Divide\nOrvalstad, NH 58140', '+1817949680843', 'cstark@nolan.info', '2020-09-16 08:55:15', '2020-09-16 08:55:15'),
(53, 'Caitlyn', 'Spinka', '2018-09-15', 'F', '737 Goodwin Lane Apt. 483\nPfeffermouth, HI 28718', '+8815284343922', 'trantow.albert@gmail.com', '2020-09-16 08:55:15', '2020-09-16 08:55:15'),
(54, 'Lucio', 'Willms', '1985-11-15', 'M', '911 White Junction Suite 443\nSouth Serena, TX 71815-9308', '+6108952202578', 'isaac61@white.com', '2020-09-16 08:55:15', '2020-09-16 08:55:15'),
(55, 'Sonia', 'Gusikowski', '1997-10-05', 'F', '3605 Newton Streets Apt. 835\nPort Ena, AL 02029-4395', '+2294512570900', 'maybell48@hotmail.com', '2020-09-16 08:55:15', '2020-09-16 08:55:15'),
(56, 'Kaya', 'Murray', '2009-11-04', 'M', '381 Schmidt Hill Apt. 091\nWeimannmouth, MI 14845', '+4998494734732', 'yfisher@turcotte.com', '2020-09-16 08:55:15', '2020-09-16 08:55:15'),
(57, 'Carmelo', 'Schuster', '1984-09-14', 'F', '675 Adolf Mews\nNorth Darleneville, CT 84749', '+9900238045012', 'keven76@wisoky.biz', '2020-09-16 08:55:15', '2020-09-16 08:55:15'),
(58, 'Hermina', 'Kessler', '1991-11-13', 'M', '342 O\'Hara Junctions\nEmmerichville, AZ 95137-5869', '+2808243067114', 'hegmann.eda@gmail.com', '2020-09-16 08:55:15', '2020-09-16 08:55:15'),
(59, 'Myra', 'Spinka', '1976-11-27', 'F', '29140 Stanley Park Apt. 040\nCreolaville, LA 28923-7748', '+6677441941691', 'blick.ola@kuhn.biz', '2020-09-16 08:55:15', '2020-09-16 08:55:15'),
(60, 'Gladys', 'Dibbert', '1972-01-23', 'M', '9238 Adelia Viaduct Apt. 051\nPort Claudia, ID 21064-7876', '+1364750040193', 'kihn.alexandro@ankunding.org', '2020-09-16 08:55:15', '2020-09-16 08:55:15'),
(61, 'Breanne', 'Becker', '2016-09-02', 'F', '8028 Domenic Square Suite 937\nCharlottehaven, MO 63685-6422', '+4237478776212', 'fmclaughlin@kris.com', '2020-09-16 08:55:15', '2020-09-16 08:55:15'),
(62, 'Loyce', 'Durgan', '1989-05-04', 'M', '599 Brooke Forest\nSouth Marcelo, MA 62987', '+3249469778083', 'vonrueden.kasey@hotmail.com', '2020-09-16 08:55:15', '2020-09-16 08:55:15'),
(63, 'Raymundo', 'Walsh', '1987-11-24', 'F', '1216 Waelchi Stravenue Suite 688\nChamplinside, SC 16001-8633', '+1498911361898', 'wyman.kendra@hotmail.com', '2020-09-16 08:55:15', '2020-09-16 08:55:15'),
(64, 'Hilario', 'Thompson', '1995-12-14', 'M', '424 Margarete Freeway\nKingburgh, VA 46382-8821', '+2869125729971', 'warren.vonrueden@swaniawski.com', '2020-09-16 08:55:15', '2020-09-16 08:55:15'),
(65, 'Mitchell', 'Satterfield', '1971-01-30', 'F', '408 Halvorson Inlet Suite 919\nErnserland, AZ 89219', '+9872263606766', 'frederik.goodwin@wiegand.info', '2020-09-16 08:55:16', '2020-09-16 08:55:16'),
(66, 'Alaina', 'Kuphal', '2019-12-15', 'M', '766 Rice Spurs Apt. 657\nNew Leilani, MT 59104-0336', '+9306186126371', 'lzboncak@yahoo.com', '2020-09-16 08:55:16', '2020-09-16 08:55:16'),
(67, 'Deontae', 'Osinski', '1999-08-03', 'F', '53467 Kling Villages Apt. 906\nNorth Hayley, SC 62045', '+3641163146164', 'katelin43@gmail.com', '2020-09-16 08:55:16', '2020-09-16 08:55:16'),
(68, 'Larue', 'Koepp', '2017-02-25', 'M', '97885 Mraz Crossing\nPollichport, CO 78521', '+2705499692967', 'zane.dietrich@rosenbaum.com', '2020-09-16 08:55:16', '2020-09-16 08:55:16'),
(69, 'Katharina', 'Douglas', '2015-09-20', 'F', '83949 Scotty Throughway Apt. 583\nSchmelerstad, MS 52921', '+9186852718540', 'emily.wiza@hotmail.com', '2020-09-16 08:55:16', '2020-09-16 08:55:16'),
(70, 'Helmer', 'Brown', '1975-03-25', 'M', '83683 Brown Hills Suite 434\nValentinehaven, GA 99743-3178', '+4035762005032', 'wintheiser.jazmyn@gmail.com', '2020-09-16 08:55:16', '2020-09-16 08:55:16'),
(71, 'Rossie', 'O\'Keefe', '2001-08-12', 'F', '7759 Tito Fords\nMckenzietown, ME 40277-4653', '+3704584354347', 'tia44@yahoo.com', '2020-09-16 08:55:16', '2020-09-16 08:55:16'),
(72, 'Gus', 'Mertz', '1971-01-30', 'M', '2895 Matt Groves\nOsvaldobury, ME 58871-7519', '+1923757507969', 'hdaniel@yahoo.com', '2020-09-16 08:55:16', '2020-09-16 08:55:16'),
(73, 'Bridget', 'Gottlieb', '2002-05-13', 'F', '79616 Angeline Curve\nLake Rutheberg, KY 89012-1130', '+6919238959557', 'vpowlowski@hotmail.com', '2020-09-16 08:55:16', '2020-09-16 08:55:16'),
(74, 'Virginie', 'Prohaska', '1993-08-07', 'M', '6590 Hammes Hills\nLake Adah, CT 78113', '+5716753521512', 'ocollier@hotmail.com', '2020-09-16 08:55:16', '2020-09-16 08:55:16'),
(75, 'Ransom', 'Fritsch', '2015-07-25', 'F', '111 Trystan Lights Suite 046\nLeuschkebury, KS 18644', '+1322358553283', 'zconn@yahoo.com', '2020-09-16 08:55:16', '2020-09-16 08:55:16'),
(76, 'Frederick', 'Franecki', '2005-08-10', 'M', '956 Schroeder Locks\nArleneborough, NC 65203-3238', '+3444101173941', 'kathryn.klein@wilderman.com', '2020-09-16 08:55:16', '2020-09-16 08:55:16'),
(77, 'Ladarius', 'Stoltenberg', '2000-10-16', 'F', '52549 Senger Turnpike Apt. 926\nNorth Aimeeburgh, IL 75362', '+3752299035915', 'marcelina28@orn.net', '2020-09-16 08:55:16', '2020-09-16 08:55:16'),
(78, 'Wilbert', 'Kassulke', '2007-08-07', 'M', '3631 Regan Mission\nNorth Alitown, IA 04818-8448', '+5453465785638', 'zaltenwerth@hotmail.com', '2020-09-16 08:55:16', '2020-09-16 08:55:16'),
(79, 'Yoshiko', 'Littel', '2017-11-13', 'F', '767 Little Mall Apt. 912\nShanahanborough, SC 07223-8618', '+7036307317800', 'tprohaska@turcotte.com', '2020-09-16 08:55:16', '2020-09-16 08:55:16'),
(80, 'Electa', 'Farrell', '2011-11-24', 'M', '96580 Connelly Hollow Suite 286\nRempelside, TN 55932', '+4236114874463', 'osanford@koelpin.biz', '2020-09-16 08:55:16', '2020-09-16 08:55:16'),
(81, 'Raoul', 'DuBuque', '2014-03-27', 'F', '9289 Murray Mountain\nVantown, HI 27084-6915', '+7956122944784', 'scottie.nolan@hotmail.com', '2020-09-16 08:55:16', '2020-09-16 08:55:16'),
(82, 'Irwin', 'Hirthe', '1994-06-02', 'M', '5933 Shyann Plain\nEast Neoma, GA 97078', '+7685340931167', 'zwalker@yahoo.com', '2020-09-16 08:55:16', '2020-09-16 08:55:16'),
(83, 'Enrique', 'Schamberger', '1971-08-24', 'F', '17002 Electa Shore Suite 542\nNorth Nikko, GA 53832', '+7447540163621', 'dejah.larkin@yahoo.com', '2020-09-16 08:55:16', '2020-09-16 08:55:16'),
(84, 'Delmer', 'Emard', '2004-03-15', 'M', '567 Gaylord Land Suite 972\nSouth Britney, SD 32944-6820', '+5148376099118', 'haleigh59@king.net', '2020-09-16 08:55:16', '2020-09-16 08:55:16'),
(85, 'Brent', 'Schultz', '1978-02-15', 'F', '681 Nitzsche Manor Suite 438\nAdolphport, PA 61630', '+3624186487170', 'romaine28@yahoo.com', '2020-09-16 08:55:16', '2020-09-16 08:55:16'),
(86, 'Katlyn', 'Hackett', '1993-06-15', 'M', '598 Leola Meadows Suite 140\nEast Favianfort, FL 74367-1682', '+4430306073316', 'garry.aufderhar@hotmail.com', '2020-09-16 08:55:16', '2020-09-16 08:55:16'),
(87, 'Franz', 'Yost', '2020-05-30', 'F', '855 Savanna Viaduct\nWest Arnoldofort, KY 92075-7327', '+4620750431900', 'qoconner@hotmail.com', '2020-09-16 08:55:16', '2020-09-16 08:55:16'),
(88, 'Elton', 'Brekke', '1978-02-18', 'M', '199 Zieme Plains Apt. 059\nPort Brandyland, KY 12832', '+7759039402124', 'bertha.oreilly@funk.org', '2020-09-16 08:55:16', '2020-09-16 08:55:16'),
(89, 'Chaz', 'Heaney', '2004-01-31', 'F', '973 Reagan Glen Suite 110\nPort Hilton, MO 84206', '+7103901996769', 'korbin.senger@kuhn.biz', '2020-09-16 08:55:16', '2020-09-16 08:55:16'),
(90, 'Joanne', 'Lueilwitz', '1992-10-04', 'M', '3819 D\'Amore Branch Suite 077\nHilmaburgh, AR 53735', '+9765463491404', 'smitham.telly@yahoo.com', '2020-09-16 08:55:16', '2020-09-16 08:55:16'),
(91, 'Kenyon', 'Lynch', '1989-12-13', 'F', '85062 Legros Field Suite 756\nNew Janice, NM 08271-3976', '+3229904204478', 'ullrich.joana@stamm.biz', '2020-09-16 08:55:16', '2020-09-16 08:55:16'),
(92, 'Winston', 'Wyman', '1999-11-06', 'M', '468 Beer Club Suite 883\nLake Samanta, AR 12048', '+9205407130120', 'gleason.queen@hotmail.com', '2020-09-16 08:55:16', '2020-09-16 08:55:16'),
(93, 'Tyra', 'Gusikowski', '2000-12-10', 'F', '4291 Rohan Curve\nStantonburgh, TN 74839', '+9439836951641', 'betty14@kirlin.org', '2020-09-16 08:55:16', '2020-09-16 08:55:16'),
(94, 'Anahi', 'Smith', '1995-02-28', 'M', '9893 Kutch Island\nTorphyborough, IN 83495', '+7175495104707', 'bins.golda@gmail.com', '2020-09-16 08:55:16', '2020-09-16 08:55:16'),
(95, 'Kathryne', 'Schaefer', '2000-03-25', 'F', '6995 Kaela Route Suite 411\nNew Seantown, ID 31336', '+8646259641129', 'oschulist@yahoo.com', '2020-09-16 08:55:16', '2020-09-16 08:55:16'),
(96, 'Ivy', 'Wolff', '2013-09-03', 'M', '3165 Braun Manor\nNorth Tyreekmouth, ME 31280-2666', '+8292264295943', 'sydnee.wolff@feeney.com', '2020-09-16 08:55:16', '2020-09-16 08:55:16'),
(97, 'Crawford', 'Mann', '2018-01-23', 'F', '51247 Grady Station\nSouth Jabariside, AL 64791-5895', '+7455233766058', 'maude.lemke@medhurst.com', '2020-09-16 08:55:16', '2020-09-16 08:55:16'),
(98, 'Ramona', 'Lesch', '2002-07-10', 'M', '763 Justus Throughway\nProsaccoton, VT 34755', '+1201858521312', 'hwelch@marks.com', '2020-09-16 08:55:17', '2020-09-16 08:55:17'),
(99, 'Alexie', 'McCullough', '1990-04-28', 'F', '19746 Walsh Turnpike Apt. 602\nPort Vestastad, RI 40695-8013', '+3024066779812', 'abel.blick@boehm.com', '2020-09-16 08:55:17', '2020-09-16 08:55:17'),
(100, 'Stefanie', 'Harvey', '2000-10-18', 'M', '2942 Mackenzie Street\nArjunfort, FL 32317-0314', '+7995882915969', 'cklein@hotmail.com', '2020-09-16 08:55:17', '2020-09-16 08:55:17'),
(101, 'Felipa', 'King', '1981-09-04', 'F', '2666 Modesto Divide\nFramitown, NJ 58688', '+6149484571137', 'hand.lisa@gmail.com', '2020-09-16 08:55:17', '2020-09-16 08:55:17'),
(102, 'Ottis', 'Wintheiser', '1999-08-16', 'M', '240 Shanie Cliff Suite 622\nSylviaborough, GA 19818', '+2930827201898', 'ghammes@larkin.com', '2020-09-16 08:55:17', '2020-09-16 08:55:17'),
(103, 'Nels', 'Williamson', '1970-07-24', 'F', '787 Coleman Burg\nSouth Cade, WA 55691', '+1947422761340', 'johns.sylvester@gmail.com', '2020-09-16 08:55:17', '2020-09-16 08:55:17'),
(104, 'Chasity', 'Schuster', '1970-07-02', 'M', '792 Theodore Shoal\nPort Brooksfurt, MA 18414', '+4397785395904', 'antwan.ernser@hotmail.com', '2020-09-16 08:55:17', '2020-09-16 08:55:17'),
(105, 'Serenity', 'Orn', '2002-08-23', 'F', '5244 Baby Village\nNew Blair, AZ 15145-0517', '+3423966100740', 'jkeeling@hotmail.com', '2020-09-16 08:55:17', '2020-09-16 08:55:17'),
(106, 'Angus', 'Durgan', '1974-07-21', 'M', '68291 Xander Skyway Suite 905\nNew Garettview, MA 69551', '+3081696486330', 'dahlia36@hotmail.com', '2020-09-16 08:55:17', '2020-09-16 08:55:17'),
(107, 'Gerda', 'Lang', '1975-11-12', 'F', '6141 Ullrich Roads Suite 328\nAuershire, SD 64797-6879', '+4920346330680', 'ross.johns@gmail.com', '2020-09-16 08:55:17', '2020-09-16 08:55:17'),
(108, 'Juliana', 'Yost', '2017-08-19', 'M', '662 Adrain Port Suite 181\nWest Jessika, IN 80398-3416', '+7848960311740', 'olarkin@dooley.org', '2020-09-16 08:55:17', '2020-09-16 08:55:17'),
(109, 'Bonnie', 'McDermott', '1987-04-12', 'F', '62423 Metz Freeway Apt. 806\nLake Nina, IL 32329-6855', '+2770791679024', 'edmond32@block.org', '2020-09-16 08:55:17', '2020-09-16 08:55:17'),
(110, 'Lonzo', 'Rau', '1995-03-24', 'M', '353 Kshlerin Islands\nHaleighshire, AZ 93115-9729', '+8933651001818', 'anahi.fadel@cormier.com', '2020-09-16 08:55:17', '2020-09-16 08:55:17'),
(111, 'Cory', 'Howell', '1988-05-21', 'F', '452 Brittany Common Suite 276\nNew Mae, PA 34831', '+1434898929707', 'kaela70@smith.net', '2020-09-16 08:55:17', '2020-09-16 08:55:17'),
(112, 'Amina', 'Price', '1990-09-24', 'M', '8910 Malinda Avenue\nSatterfieldshire, OR 65128-1029', '+7237519937218', 'yleuschke@gmail.com', '2020-09-16 08:55:17', '2020-09-16 08:55:17'),
(113, 'Monserrat', 'Stroman', '2013-08-11', 'F', '878 Bell Island\nNew Santa, AL 99750', '+4753251818026', 'gulgowski.jedediah@frami.biz', '2020-09-16 08:55:17', '2020-09-16 08:55:17'),
(114, 'Adela', 'Metz', '1977-04-18', 'M', '960 Lavonne Estate Apt. 998\nLaurineshire, DE 14921-7235', '+2198805110922', 'satterfield.neva@hotmail.com', '2020-09-16 08:55:17', '2020-09-16 08:55:17'),
(115, 'Erica', 'Abshire', '1983-12-10', 'F', '441 Reba Burgs Apt. 033\nDareborough, DE 48606', '+4267005764850', 'brenden.stehr@hotmail.com', '2020-09-16 08:55:17', '2020-09-16 08:55:17'),
(116, 'Ahmed', 'Cummings', '1986-09-30', 'M', '41095 Theresia Glen Apt. 716\nGeorgiannachester, AL 23228-7520', '+8170768287062', 'waters.fritz@yahoo.com', '2020-09-16 08:55:17', '2020-09-16 08:55:17'),
(117, 'Mark', 'Casper', '1974-05-02', 'F', '92966 Hoppe Lakes Suite 191\nDarwinside, WV 05567', '+7813246541857', 'lehner.kara@gmail.com', '2020-09-16 08:55:17', '2020-09-16 08:55:17'),
(118, 'Teagan', 'Ryan', '1975-07-30', 'M', '3804 Walsh Orchard\nRathside, ME 06848', '+4179272523517', 'harris.mack@lowe.net', '2020-09-16 08:55:17', '2020-09-16 08:55:17'),
(119, 'Ardith', 'Gaylord', '1970-09-11', 'F', '6745 Douglas Plaza\nSchimmelborough, MI 27992-6782', '+7123931181916', 'cassin.roger@grant.com', '2020-09-16 08:55:17', '2020-09-16 08:55:17'),
(120, 'Brendon', 'Dicki', '1993-08-07', 'M', '429 Zboncak Rapids Apt. 743\nBartolettitown, MI 38958', '+9335251229685', 'adela.effertz@yahoo.com', '2020-09-16 08:55:17', '2020-09-16 08:55:17'),
(121, 'Zelda', 'Pfeffer', '1998-12-31', 'F', '7879 Kerluke Prairie Suite 844\nBraunport, MO 07976', '+9996407767015', 'jterry@yahoo.com', '2020-09-16 08:55:17', '2020-09-16 08:55:17'),
(122, 'London', 'O\'Keefe', '1983-12-05', 'M', '8037 McLaughlin Cliffs\nSouth Gennaro, TX 76229-8354', '+9710180220923', 'quitzon.marcos@barrows.com', '2020-09-16 08:55:17', '2020-09-16 08:55:17'),
(123, 'Darryl', 'Pagac', '2014-07-25', 'F', '83468 Ruecker Road Suite 364\nNorth Paytonmouth, WA 98508-0254', '+1458122297888', 'rhayes@hammes.info', '2020-09-16 08:55:17', '2020-09-16 08:55:17'),
(124, 'Dante', 'O\'Conner', '1981-01-26', 'M', '53731 Bogan Squares\nEast Audrabury, LA 89392', '+9882658928410', 'knolan@gmail.com', '2020-09-16 08:55:17', '2020-09-16 08:55:17'),
(125, 'Bruce', 'Effertz', '2016-09-14', 'F', '57095 Alyce Gardens Suite 945\nWest Melissastad, TX 77379', '+6299170492810', 'qullrich@hotmail.com', '2020-09-16 08:55:17', '2020-09-16 08:55:17'),
(126, 'Chelsey', 'Stoltenberg', '1975-04-20', 'M', '43661 Considine Wall Suite 694\nTiffanyburgh, OH 62400', '+1044609292386', 'maximilian.metz@hotmail.com', '2020-09-16 08:55:17', '2020-09-16 08:55:17'),
(127, 'Genesis', 'Fisher', '2004-12-06', 'F', '34372 Seth Parkways Apt. 682\nEast Bradley, NC 84298-2145', '+8675688802377', 'dovie.klein@yahoo.com', '2020-09-16 08:55:17', '2020-09-16 08:55:17'),
(128, 'Rozella', 'DuBuque', '1975-07-26', 'M', '1434 Opal Bypass Apt. 621\nGulgowskimouth, MD 08786', '+6258892009631', 'gutmann.tyler@cronin.info', '2020-09-16 08:55:17', '2020-09-16 08:55:17'),
(129, 'Jamel', 'Klocko', '1990-03-07', 'F', '3707 Gibson Curve\nEast Gina, SD 01255', '+8307297223204', 'yjohns@okuneva.com', '2020-09-16 08:55:18', '2020-09-16 08:55:18'),
(130, 'Gene', 'Simonis', '1984-03-09', 'M', '910 Blanda Keys\nPort William, LA 86383-9092', '+7908867162492', 'ward.tania@yahoo.com', '2020-09-16 08:55:18', '2020-09-16 08:55:18'),
(131, 'Darron', 'Feest', '1983-04-19', 'F', '7799 Erling Fields Apt. 917\nEast Shirleymouth, LA 52330', '+5602280095404', 'gennaro86@yahoo.com', '2020-09-16 08:55:18', '2020-09-16 08:55:18'),
(132, 'Norene', 'Stark', '1977-11-02', 'M', '5802 Rebecca Causeway\nHesseltown, IL 87608', '+3825534474932', 'zdickens@thiel.biz', '2020-09-16 08:55:18', '2020-09-16 08:55:18'),
(133, 'Germaine', 'Rolfson', '1970-06-10', 'F', '50493 Linnie Islands Suite 423\nLake Dahlia, MI 40956', '+6047746014402', 'rkovacek@gmail.com', '2020-09-16 08:55:18', '2020-09-16 08:55:18'),
(134, 'Alf', 'Crist', '1978-10-23', 'M', '17620 Minnie Coves\nLake Dimitriside, MA 40046-5802', '+5169918398728', 'welch.doris@hermiston.com', '2020-09-16 08:55:18', '2020-09-16 08:55:18'),
(135, 'Hilbert', 'Bauch', '2017-07-06', 'F', '12075 Nels Course\nO\'Haraside, NH 54943', '+7121288514452', 'grohan@yahoo.com', '2020-09-16 08:55:18', '2020-09-16 08:55:18'),
(136, 'Chasity', 'Treutel', '1987-07-29', 'M', '93946 Konopelski Parkways\nWest Corbinstad, NE 85871', '+1399178996761', 'allene61@gmail.com', '2020-09-16 08:55:18', '2020-09-16 08:55:18'),
(137, 'Jena', 'Morissette', '1977-07-31', 'F', '8828 Harvey Spring\nEunicemouth, DC 87182', '+5019460146893', 'camden06@wehner.biz', '2020-09-16 08:55:18', '2020-09-16 08:55:18'),
(138, 'Alice', 'Pouros', '1999-10-17', 'M', '337 Miller Views Apt. 423\nCorkerystad, UT 97879-9305', '+4044538698432', 'eriberto73@hotmail.com', '2020-09-16 08:55:18', '2020-09-16 08:55:18'),
(139, 'Kirstin', 'Mitchell', '1979-03-19', 'F', '7366 Lorenzo Bridge Apt. 604\nJazlynbury, DC 78944', '+4769892436239', 'vkuhlman@yost.net', '2020-09-16 08:55:18', '2020-09-16 08:55:18'),
(140, 'Archibald', 'Gorczany', '1999-05-24', 'M', '454 Altenwerth Stravenue\nPort Carolyneport, MA 23967', '+3539269153788', 'emma.halvorson@yahoo.com', '2020-09-16 08:55:18', '2020-09-16 08:55:18'),
(141, 'Lelah', 'Conroy', '1992-10-02', 'F', '85815 Lauretta Heights\nLake Isidro, LA 60229-5971', '+9114984068759', 'kristin.bogan@damore.com', '2020-09-16 08:55:18', '2020-09-16 08:55:18'),
(142, 'Julien', 'Strosin', '1982-02-20', 'M', '236 Larson Ports\nLake Melanyfurt, NV 83262-3841', '+9927868648288', 'xreichel@hintz.com', '2020-09-16 08:55:18', '2020-09-16 08:55:18'),
(143, 'Layne', 'Christiansen', '1984-10-03', 'F', '541 Kuphal Viaduct Apt. 366\nWest Candice, MD 45905-4915', '+2664068561790', 'hans62@gmail.com', '2020-09-16 08:55:18', '2020-09-16 08:55:18'),
(144, 'Alexis', 'Wunsch', '1999-05-09', 'M', '9425 Matilde Village\nWest Arelyshire, WI 17413', '+7334978395640', 'haley.coy@hotmail.com', '2020-09-16 08:55:18', '2020-09-16 08:55:18'),
(145, 'Ressie', 'Yost', '1987-03-12', 'F', '16595 Brayan Vista\nEast Dianahaven, UT 18455-4134', '+4488959605660', 'nmann@beer.com', '2020-09-16 08:55:18', '2020-09-16 08:55:18'),
(146, 'Percy', 'Hermiston', '1970-12-10', 'M', '4592 Madyson Route\nEast Osvaldo, FL 11266-8286', '+3149388769141', 'eloy.williamson@hotmail.com', '2020-09-16 08:55:18', '2020-09-16 08:55:18'),
(147, 'Maiya', 'Zieme', '1987-11-14', 'F', '9751 Schinner Park Apt. 873\nErvinton, MS 14707', '+4602948596712', 'weimann.keara@hotmail.com', '2020-09-16 08:55:18', '2020-09-16 08:55:18'),
(148, 'Jerry', 'Moore', '1973-06-25', 'M', '77729 Shields Fields\nHayesland, AK 23821-1622', '+9349173748767', 'grimes.alena@rohan.info', '2020-09-16 08:55:18', '2020-09-16 08:55:18'),
(149, 'Alessia', 'Hackett', '1996-04-03', 'F', '2986 Weissnat Mills\nNorth Kaylah, IL 98566', '+5135276009690', 'jaren.wilderman@krajcik.com', '2020-09-16 08:55:18', '2020-09-16 08:55:18'),
(150, 'Dolores', 'Ondricka', '1973-03-30', 'M', '70358 Boyer Ferry Suite 284\nLake Alfonso, MD 46440', '+4919393881806', 'langosh.tanner@gmail.com', '2020-09-16 08:55:18', '2020-09-16 08:55:18'),
(151, 'Gwendolyn', 'Daniel', '2003-04-04', 'F', '563 Connelly Spurs Apt. 704\nEast Destini, SC 59309-0605', '+7878806015657', 'npfannerstill@hotmail.com', '2020-09-16 08:55:18', '2020-09-16 08:55:18'),
(152, 'Jameson', 'Schuster', '1980-12-06', 'M', '248 Reginald Plaza Apt. 308\nEast Donavon, NM 48529', '+9518507738744', 'nikolaus.edmond@kovacek.com', '2020-09-16 08:55:18', '2020-09-16 08:55:18'),
(153, 'Janessa', 'Stoltenberg', '2018-07-03', 'F', '33107 Stehr Junctions\nSouth Melody, WI 96708', '+4511623554599', 'evonrueden@stanton.net', '2020-09-16 08:55:18', '2020-09-16 08:55:18'),
(154, 'Lafayette', 'Borer', '2011-03-07', 'M', '52323 Farrell Shoal\nEast Santiago, WV 50932', '+1884592132274', 'fking@gmail.com', '2020-09-16 08:55:18', '2020-09-16 08:55:18'),
(155, 'Casper', 'Stamm', '1978-12-27', 'F', '834 Hilpert Ford Suite 000\nReychester, MA 22805-5595', '+3578471977261', 'kirlin.brian@hotmail.com', '2020-09-16 08:55:18', '2020-09-16 08:55:18'),
(156, 'Torrance', 'Bogisich', '2002-03-13', 'M', '3839 Deckow Shores\nNorth Kiley, NE 37928-5212', '+3782398850070', 'smitham.thea@bradtke.com', '2020-09-16 08:55:18', '2020-09-16 08:55:18'),
(157, 'Celia', 'Rosenbaum', '2016-05-26', 'F', '6326 Sebastian River\nLake Imogene, WY 76190', '+6871639696603', 'asia25@mcglynn.com', '2020-09-16 08:55:18', '2020-09-16 08:55:18'),
(158, 'Bettie', 'Lehner', '1981-12-25', 'M', '29217 Rickey Motorway\nColeport, TN 47648', '+3391857026489', 'arno68@hotmail.com', '2020-09-16 08:55:19', '2020-09-16 08:55:19'),
(159, 'Alden', 'Becker', '1986-07-18', 'F', '84532 Skiles Plains Suite 062\nKemmershire, TN 62049', '+5266915722781', 'herbert.terry@beatty.net', '2020-09-16 08:55:19', '2020-09-16 08:55:19'),
(160, 'Gloria', 'Erdman', '2013-09-04', 'M', '43338 Shane Mountain\nKuhlmanborough, OH 35767', '+7183775090856', 'odicki@steuber.com', '2020-09-16 08:55:19', '2020-09-16 08:55:19'),
(161, 'Lance', 'Veum', '2013-03-29', 'F', '7849 Florian Vista Apt. 888\nHamillfort, RI 78391', '+1885122656786', 'kraig76@bogisich.biz', '2020-09-16 08:55:19', '2020-09-16 08:55:19'),
(162, 'Audrey', 'Brown', '2001-02-19', 'M', '7330 Morar Road Apt. 135\nSchultztown, WY 89083', '+8021012429579', 'leffler.kelly@lemke.com', '2020-09-16 08:55:19', '2020-09-16 08:55:19'),
(163, 'Beverly', 'Thompson', '1994-05-13', 'F', '808 Bode Viaduct Suite 350\nNorth Geo, GA 54581-8871', '+6937302613648', 'upton.lewis@goldner.com', '2020-09-16 08:55:19', '2020-09-16 08:55:19'),
(164, 'Cedrick', 'Brekke', '1998-05-22', 'M', '552 Schuppe Hills\nPort Floridaside, SD 00220-6310', '+5648200703710', 'titus51@gmail.com', '2020-09-16 08:55:19', '2020-09-16 08:55:19'),
(165, 'Ardith', 'Jacobi', '1974-08-26', 'F', '7388 Johann Coves\nSchusterchester, UT 95223', '+4606383586473', 'dicki.maureen@hotmail.com', '2020-09-16 08:55:19', '2020-09-16 08:55:19'),
(166, 'Sam', 'Kuvalis', '1978-04-09', 'M', '352 Jovan Junction\nTorpmouth, WA 00878', '+8059615579646', 'kevon.nitzsche@schmitt.com', '2020-09-16 08:55:19', '2020-09-16 08:55:19'),
(167, 'Amya', 'Runolfsson', '1998-01-01', 'F', '521 Anita Ferry Suite 727\nJoanaborough, NY 00983', '+1348718013654', 'fschumm@gmail.com', '2020-09-16 08:55:19', '2020-09-16 08:55:19'),
(168, 'Elyssa', 'Weber', '1988-03-19', 'M', '188 Heathcote Alley Suite 854\nSchmelerville, MA 48356-7910', '+1033801854102', 'danyka65@hotmail.com', '2020-09-16 08:55:19', '2020-09-16 08:55:19'),
(169, 'Dale', 'Nolan', '1974-09-15', 'F', '3214 Bauch Loop\nMohrberg, CT 17318', '+7707574254480', 'elegros@yahoo.com', '2020-09-16 08:55:19', '2020-09-16 08:55:19'),
(170, 'Sharon', 'Legros', '1986-11-04', 'M', '28538 Berry Circles Suite 906\nEast Thelma, SD 60005-5326', '+7562841578159', 'kaylin08@spencer.com', '2020-09-16 08:55:19', '2020-09-16 08:55:19'),
(171, 'Bessie', 'Heidenreich', '1971-02-12', 'F', '548 Wilfredo Mountain\nNorth Clementine, ID 14607-1641', '+7283413911325', 'wcasper@hotmail.com', '2020-09-16 08:55:19', '2020-09-16 08:55:19'),
(172, 'Mary', 'Thiel', '1994-09-09', 'M', '76551 Heathcote Light Apt. 691\nKiannaburgh, TN 64494-1561', '+2302924468676', 'quinten.legros@lowe.net', '2020-09-16 08:55:19', '2020-09-16 08:55:19'),
(173, 'Orpha', 'Kuphal', '2013-06-27', 'F', '74948 Romaguera Mountain Apt. 181\nKesslerhaven, IA 68449-5431', '+5738050195064', 'tessie57@hotmail.com', '2020-09-16 08:55:19', '2020-09-16 08:55:19'),
(174, 'Savion', 'Stokes', '1974-06-19', 'M', '990 Bahringer Rest\nEast Laisha, NV 12605-6831', '+6852511359047', 'porter66@hotmail.com', '2020-09-16 08:55:19', '2020-09-16 08:55:19'),
(175, 'Rafael', 'Wisoky', '1984-08-11', 'F', '6500 Gleichner Way Suite 193\nZemlakmouth, MT 32041-6536', '+9873542315948', 'lura46@heller.com', '2020-09-16 08:55:19', '2020-09-16 08:55:19'),
(176, 'Candace', 'Lind', '1991-06-07', 'M', '5895 Jaylin Knolls Apt. 089\nLake Maybellstad, DC 27711-2963', '+8326339573174', 'klegros@tremblay.com', '2020-09-16 08:55:19', '2020-09-16 08:55:19'),
(177, 'Adell', 'McClure', '1989-01-20', 'F', '8505 Reynolds Parkway\nWest Madisonborough, AZ 79798-2563', '+1880068362175', 'fbernhard@gmail.com', '2020-09-16 08:55:19', '2020-09-16 08:55:19'),
(178, 'Lonzo', 'Tremblay', '2005-04-15', 'M', '966 Jacobson Keys\nAndersonfort, MS 20584', '+2690936231221', 'mccullough.cecelia@hotmail.com', '2020-09-16 08:55:19', '2020-09-16 08:55:19'),
(179, 'Elliott', 'Buckridge', '1972-06-06', 'F', '59655 Carley Divide Apt. 744\nLake Rebekaborough, WI 81079-7853', '+8926792931998', 'kailee.bailey@feeney.biz', '2020-09-16 08:55:19', '2020-09-16 08:55:19'),
(180, 'Jany', 'Pfannerstill', '1975-11-06', 'M', '995 Kozey Center\nNew Joanyview, CO 59094-0904', '+9012414532603', 'amosciski@stamm.com', '2020-09-16 08:55:19', '2020-09-16 08:55:19'),
(181, 'Gregoria', 'Ryan', '1987-09-21', 'F', '7552 Collins Hollow Suite 017\nWest Nathenland, NJ 71068-2021', '+8861796988540', 'rpouros@yahoo.com', '2020-09-16 08:55:19', '2020-09-16 08:55:19'),
(182, 'Rudy', 'Reichert', '2006-07-17', 'M', '8096 Rey Heights\nCarolineborough, AR 12193-5403', '+3793585295225', 'augustine06@hotmail.com', '2020-09-16 08:55:19', '2020-09-16 08:55:19'),
(183, 'Rhiannon', 'Halvorson', '2004-11-14', 'F', '89707 Loren Key\nKathleentown, NV 01583', '+5391687046987', 'ernser.quinn@tromp.com', '2020-09-16 08:55:19', '2020-09-16 08:55:19'),
(184, 'Griffin', 'Bernier', '1993-10-21', 'M', '260 Polly Summit Apt. 113\nGiovannyburgh, NJ 37128', '+6077123181379', 'bogisich.eileen@gmail.com', '2020-09-16 08:55:19', '2020-09-16 08:55:19'),
(185, 'Aurelio', 'Breitenberg', '1991-06-17', 'F', '91310 Joelle Springs Suite 513\nWest Kaelyn, SD 82265', '+7127472242049', 'cleveland18@hotmail.com', '2020-09-16 08:55:19', '2020-09-16 08:55:19'),
(186, 'Clarissa', 'Pagac', '1992-04-25', 'M', '6338 Davis Street\nBechtelarburgh, OR 26713', '+2301877946224', 'conroy.claud@hyatt.com', '2020-09-16 08:55:19', '2020-09-16 08:55:19'),
(187, 'Colby', 'Goyette', '1981-12-28', 'F', '314 Daugherty Gardens\nEast Jodyside, VA 59052', '+8688537790110', 'karen86@hotmail.com', '2020-09-16 08:55:19', '2020-09-16 08:55:19'),
(188, 'Dawn', 'Raynor', '1980-03-23', 'M', '880 Geovanni Path Suite 722\nLake Melissaland, KY 55811-1868', '+5440483084539', 'lavon.yundt@orn.net', '2020-09-16 08:55:19', '2020-09-16 08:55:19'),
(189, 'Laura', 'Gutkowski', '1983-06-07', 'F', '8076 Pollich Crescent\nNew Altheashire, MO 63968-9782', '+3443793829861', 'pierce.streich@turcotte.com', '2020-09-16 08:55:19', '2020-09-16 08:55:19'),
(190, 'Sarai', 'Feest', '1987-07-06', 'M', '591 Paucek Neck\nPasqualefort, CA 22139-2470', '+7166617418101', 'abbott.ryleigh@gmail.com', '2020-09-16 08:55:19', '2020-09-16 08:55:19'),
(191, 'Aisha', 'Littel', '1979-06-13', 'F', '337 Kovacek Union\nMartinaville, MO 95464', '+2870574173538', 'aiyana.block@hotmail.com', '2020-09-16 08:55:19', '2020-09-16 08:55:19'),
(192, 'Shanelle', 'Koch', '1979-01-07', 'M', '2460 Heidenreich Parks Apt. 968\nWest Elisha, ND 10322-5458', '+7022110515617', 'rwalter@kuhlman.com', '2020-09-16 08:55:20', '2020-09-16 08:55:20'),
(193, 'Yadira', 'Grimes', '2017-07-18', 'F', '923 Rohan Plaza Apt. 529\nHaileyberg, OR 16164-0440', '+9872410659005', 'vkuhn@yahoo.com', '2020-09-16 08:55:20', '2020-09-16 08:55:20'),
(194, 'Amanda', 'Stanton', '1982-01-13', 'M', '839 Mafalda Points\nLennachester, NE 37026-7603', '+4593569309002', 'kailee15@yahoo.com', '2020-09-16 08:55:20', '2020-09-16 08:55:20'),
(195, 'Mateo', 'Hamill', '1997-11-21', 'F', '769 Lyda Burgs\nKarenport, WI 81347', '+5678563053711', 'dallas.cole@yahoo.com', '2020-09-16 08:55:20', '2020-09-16 08:55:20'),
(196, 'Cristina', 'Dooley', '2011-06-07', 'M', '5720 Rafaela Corner Suite 029\nDavisfurt, UT 15447', '+2057729629103', 'tdooley@little.com', '2020-09-16 08:55:20', '2020-09-16 08:55:20'),
(197, 'Owen', 'Predovic', '1983-04-23', 'F', '9152 Blick Expressway\nLaurencemouth, AZ 89106', '+1343603418297', 'verner36@graham.biz', '2020-09-16 08:55:20', '2020-09-16 08:55:20'),
(198, 'Corbin', 'Lehner', '1983-06-21', 'M', '8758 Hahn Creek Suite 760\nPort Betty, WY 36907', '+3190637412245', 'mpouros@hotmail.com', '2020-09-16 08:55:20', '2020-09-16 08:55:20'),
(199, 'Abelardo', 'Mraz', '1997-08-09', 'F', '2310 Volkman Cape\nLangburgh, WA 30367', '+3620377885032', 'kuphal.edwin@klein.org', '2020-09-16 08:55:20', '2020-09-16 08:55:20'),
(200, 'Gideon', 'Schaefer', '1981-08-02', 'M', '446 Harber Place Apt. 905\nBrekkefort, DE 63889', '+3172147766955', 'welch.sonny@schuster.info', '2020-09-16 08:55:20', '2020-09-16 08:55:20'),
(201, 'Geo', 'Heller', '2004-03-30', 'F', '6036 Hirthe Oval\nNicolashaven, VA 73207-1518', '+7469569593951', 'dickinson.liliana@hauck.com', '2020-09-16 08:55:20', '2020-09-16 08:55:20'),
(202, 'Karli', 'Kub', '2013-04-02', 'M', '80746 Dayna Mountain\nLillianaton, VA 63620-9707', '+3734231218456', 'hettie.rempel@anderson.biz', '2020-09-16 08:55:20', '2020-09-16 08:55:20'),
(203, 'Demetrius', 'Schamberger', '2017-12-27', 'F', '621 Dach Isle Suite 243\nWunschport, KS 77230-2895', '+7063156924160', 'xhermann@rice.biz', '2020-09-16 08:55:20', '2020-09-16 08:55:20'),
(204, 'Julian', 'Quitzon', '1972-11-25', 'M', '82008 Eden Trafficway\nLake Zelmashire, WY 65849', '+2605045539168', 'heloise.smith@parker.org', '2020-09-16 08:55:20', '2020-09-16 08:55:20'),
(205, 'Nathaniel', 'Frami', '2016-09-26', 'F', '261 Estel Flat Apt. 160\nWittingburgh, SD 75045', '+3700768805480', 'boyle.edythe@cummerata.com', '2020-09-16 08:55:20', '2020-09-16 08:55:20'),
(206, 'Alisha', 'Vandervort', '2001-05-09', 'M', '8940 McKenzie Crescent Suite 773\nMayraberg, MA 93215', '+3850521254140', 'dibbert.richard@gmail.com', '2020-09-16 08:55:20', '2020-09-16 08:55:20'),
(207, 'Una', 'Goldner', '2011-06-11', 'F', '66378 Roman Harbors Apt. 556\nNorth Carmela, TN 98726-5192', '+3715621518450', 'keagan.satterfield@johnston.com', '2020-09-16 08:55:20', '2020-09-16 08:55:20');

-- --------------------------------------------------------

--
-- Structure de la table `permissions`
--

CREATE TABLE `permissions` (
  `id` bigint(20) UNSIGNED NOT NULL,
  `name` varchar(255) COLLATE utf8mb4_unicode_ci NOT NULL,
  `guard_name` varchar(255) COLLATE utf8mb4_unicode_ci NOT NULL,
  `created_at` timestamp NULL DEFAULT NULL,
  `updated_at` timestamp NULL DEFAULT NULL
) ENGINE=InnoDB DEFAULT CHARSET=utf8mb4 COLLATE=utf8mb4_unicode_ci;

--
-- Déchargement des données de la table `permissions`
--

INSERT INTO `permissions` (`id`, `name`, `guard_name`, `created_at`, `updated_at`) VALUES
(1, 'role-list', 'admin', '2020-09-23 09:00:31', '2020-09-23 09:00:31'),
(2, 'role-create', 'admin', '2020-09-23 09:00:31', '2020-09-23 09:00:31'),
(3, 'role-edit', 'admin', '2020-09-23 09:00:31', '2020-09-23 09:00:31'),
(4, 'role-delete', 'admin', '2020-09-23 09:00:31', '2020-09-23 09:00:31'),
(5, 'product-list', 'web', '2020-09-23 09:00:31', '2020-09-23 09:00:31'),
(6, 'product-create', 'web', '2020-09-23 09:00:31', '2020-09-23 09:00:31'),
(7, 'product-edit', 'web', '2020-09-23 09:00:31', '2020-09-23 09:00:31'),
(9, 'id_country', 'web', '2020-09-29 14:55:41', '2020-09-29 14:55:41'),
(10, 'id_country_nationality', 'web', '2020-09-29 14:55:58', '2020-09-29 14:55:58');

-- --------------------------------------------------------

--
-- Structure de la table `roles`
--

CREATE TABLE `roles` (
  `id` bigint(20) UNSIGNED NOT NULL,
  `name` varchar(255) COLLATE utf8mb4_unicode_ci NOT NULL,
  `guard_name` varchar(255) COLLATE utf8mb4_unicode_ci NOT NULL,
  `created_at` timestamp NULL DEFAULT NULL,
  `updated_at` timestamp NULL DEFAULT NULL
) ENGINE=InnoDB DEFAULT CHARSET=utf8mb4 COLLATE=utf8mb4_unicode_ci;

--
-- Déchargement des données de la table `roles`
--

INSERT INTO `roles` (`id`, `name`, `guard_name`, `created_at`, `updated_at`) VALUES
(1, 'Admin', 'admin', '2020-09-23 09:03:30', '2020-09-23 09:03:30'),
(3, 'test', 'web', '2020-09-28 13:53:15', '2020-09-28 13:53:15'),
(4, 'Courtoua', 'web', '2020-09-28 14:13:05', '2020-09-28 14:13:05'),
(5, 'toto', 'web', '2020-09-28 15:13:42', '2020-09-28 15:13:42');

-- --------------------------------------------------------

--
-- Structure de la table `role_has_permissions`
--

CREATE TABLE `role_has_permissions` (
  `permission_id` bigint(20) UNSIGNED NOT NULL,
  `role_id` bigint(20) UNSIGNED NOT NULL
) ENGINE=InnoDB DEFAULT CHARSET=utf8mb4 COLLATE=utf8mb4_unicode_ci;

--
-- Déchargement des données de la table `role_has_permissions`
--

INSERT INTO `role_has_permissions` (`permission_id`, `role_id`) VALUES
(1, 1),
(2, 1),
(3, 1),
(4, 1),
(5, 1),
(5, 3),
(6, 1),
(6, 3),
(6, 4),
(7, 1);

-- --------------------------------------------------------

--
-- Structure de la table `users`
--

CREATE TABLE `users` (
  `id` bigint(20) UNSIGNED NOT NULL,
  `name` varchar(255) COLLATE utf8mb4_unicode_ci NOT NULL,
  `email` varchar(255) COLLATE utf8mb4_unicode_ci NOT NULL,
  `email_verified_at` timestamp NULL DEFAULT NULL,
  `password` varchar(255) COLLATE utf8mb4_unicode_ci NOT NULL,
  `remember_token` varchar(100) COLLATE utf8mb4_unicode_ci DEFAULT NULL,
  `created_at` timestamp NULL DEFAULT NULL,
  `updated_at` timestamp NULL DEFAULT NULL
) ENGINE=InnoDB DEFAULT CHARSET=utf8mb4 COLLATE=utf8mb4_unicode_ci;

--
-- Déchargement des données de la table `users`
--

INSERT INTO `users` (`id`, `name`, `email`, `email_verified_at`, `password`, `remember_token`, `created_at`, `updated_at`) VALUES
(1, 'Mr.Test', 'test@test.com', NULL, '$2y$10$BXwwIDpg01EftRaIUsSrmucTnS7fZoQviqJrWTio.kNqjhh5j3QN6', NULL, '2020-08-28 08:29:53', '2020-08-28 08:29:53'),
(2, 'Mohammed Aoulad Bouchta', 'java.mohammed@gmail.com', NULL, '$2y$10$Hn/0bfr3Q2BXafw1NyZwCuKzleiTWQGDpkLYq/F/xoEdzEzOsNi76', NULL, '2020-08-28 09:08:08', '2020-08-28 09:08:08');

--
-- Index pour les tables déchargées
--

--
-- Index pour la table `appointments`
--
ALTER TABLE `appointments`
  ADD PRIMARY KEY (`id`),
  ADD KEY `appointments_id_patient_foreign` (`id_patient`);

--
-- Index pour la table `consultations`
--
ALTER TABLE `consultations`
  ADD PRIMARY KEY (`id`),
  ADD KEY `consultations_id_patient_foreign` (`id_patient`);

--
-- Index pour la table `failed_jobs`
--
ALTER TABLE `failed_jobs`
  ADD PRIMARY KEY (`id`);

--
-- Index pour la table `medicaments`
--
ALTER TABLE `medicaments`
  ADD PRIMARY KEY (`id`);

--
-- Index pour la table `medicament_selecteds`
--
ALTER TABLE `medicament_selecteds`
  ADD PRIMARY KEY (`id`),
  ADD KEY `medicament_selecteds_id_order_foreign` (`id_order`),
  ADD KEY `medicament_selecteds_id_medicament_foreign` (`id_medicament`);

--
-- Index pour la table `migrations`
--
ALTER TABLE `migrations`
  ADD PRIMARY KEY (`id`);

--
-- Index pour la table `model_has_permissions`
--
ALTER TABLE `model_has_permissions`
  ADD PRIMARY KEY (`permission_id`,`model_id`,`model_type`),
  ADD KEY `model_has_permissions_model_id_model_type_index` (`model_id`,`model_type`);

--
-- Index pour la table `model_has_roles`
--
ALTER TABLE `model_has_roles`
  ADD PRIMARY KEY (`role_id`,`model_id`,`model_type`),
  ADD KEY `model_has_roles_model_id_model_type_index` (`model_id`,`model_type`);

--
-- Index pour la table `orders`
--
ALTER TABLE `orders`
  ADD PRIMARY KEY (`id`),
  ADD KEY `orders_id_consultation_foreign` (`id_consultation`);

--
-- Index pour la table `password_resets`
--
ALTER TABLE `password_resets`
  ADD KEY `password_resets_email_index` (`email`);

--
-- Index pour la table `patients`
--
ALTER TABLE `patients`
  ADD PRIMARY KEY (`id`);

--
-- Index pour la table `permissions`
--
ALTER TABLE `permissions`
  ADD PRIMARY KEY (`id`);

--
-- Index pour la table `roles`
--
ALTER TABLE `roles`
  ADD PRIMARY KEY (`id`);

--
-- Index pour la table `role_has_permissions`
--
ALTER TABLE `role_has_permissions`
  ADD PRIMARY KEY (`permission_id`,`role_id`),
  ADD KEY `role_has_permissions_role_id_foreign` (`role_id`);

--
-- Index pour la table `users`
--
ALTER TABLE `users`
  ADD PRIMARY KEY (`id`),
  ADD UNIQUE KEY `users_email_unique` (`email`);

--
-- AUTO_INCREMENT pour les tables déchargées
--

--
-- AUTO_INCREMENT pour la table `appointments`
--
ALTER TABLE `appointments`
  MODIFY `id` bigint(20) UNSIGNED NOT NULL AUTO_INCREMENT, AUTO_INCREMENT=210;

--
-- AUTO_INCREMENT pour la table `consultations`
--
ALTER TABLE `consultations`
  MODIFY `id` bigint(20) UNSIGNED NOT NULL AUTO_INCREMENT, AUTO_INCREMENT=412;

--
-- AUTO_INCREMENT pour la table `failed_jobs`
--
ALTER TABLE `failed_jobs`
  MODIFY `id` bigint(20) UNSIGNED NOT NULL AUTO_INCREMENT;

--
-- AUTO_INCREMENT pour la table `medicaments`
--
ALTER TABLE `medicaments`
  MODIFY `id` bigint(20) UNSIGNED NOT NULL AUTO_INCREMENT, AUTO_INCREMENT=204;

--
-- AUTO_INCREMENT pour la table `medicament_selecteds`
--
ALTER TABLE `medicament_selecteds`
  MODIFY `id` bigint(20) UNSIGNED NOT NULL AUTO_INCREMENT, AUTO_INCREMENT=604;

--
-- AUTO_INCREMENT pour la table `migrations`
--
ALTER TABLE `migrations`
  MODIFY `id` int(10) UNSIGNED NOT NULL AUTO_INCREMENT, AUTO_INCREMENT=11;

--
-- AUTO_INCREMENT pour la table `orders`
--
ALTER TABLE `orders`
  MODIFY `id` bigint(20) UNSIGNED NOT NULL AUTO_INCREMENT, AUTO_INCREMENT=206;

--
-- AUTO_INCREMENT pour la table `patients`
--
ALTER TABLE `patients`
  MODIFY `id` bigint(20) UNSIGNED NOT NULL AUTO_INCREMENT, AUTO_INCREMENT=208;

--
-- AUTO_INCREMENT pour la table `permissions`
--
ALTER TABLE `permissions`
  MODIFY `id` bigint(20) UNSIGNED NOT NULL AUTO_INCREMENT, AUTO_INCREMENT=11;

--
-- AUTO_INCREMENT pour la table `roles`
--
ALTER TABLE `roles`
  MODIFY `id` bigint(20) UNSIGNED NOT NULL AUTO_INCREMENT, AUTO_INCREMENT=6;

--
-- AUTO_INCREMENT pour la table `users`
--
ALTER TABLE `users`
  MODIFY `id` bigint(20) UNSIGNED NOT NULL AUTO_INCREMENT, AUTO_INCREMENT=3;

--
-- Contraintes pour les tables déchargées
--

--
-- Contraintes pour la table `appointments`
--
ALTER TABLE `appointments`
  ADD CONSTRAINT `appointments_id_patient_foreign` FOREIGN KEY (`id_patient`) REFERENCES `patients` (`id`);

--
-- Contraintes pour la table `consultations`
--
ALTER TABLE `consultations`
  ADD CONSTRAINT `consultations_id_patient_foreign` FOREIGN KEY (`id_patient`) REFERENCES `patients` (`id`);

--
-- Contraintes pour la table `medicament_selecteds`
--
ALTER TABLE `medicament_selecteds`
  ADD CONSTRAINT `medicament_selecteds_id_medicament_foreign` FOREIGN KEY (`id_medicament`) REFERENCES `medicaments` (`id`),
  ADD CONSTRAINT `medicament_selecteds_id_order_foreign` FOREIGN KEY (`id_order`) REFERENCES `orders` (`id`);

--
-- Contraintes pour la table `model_has_permissions`
--
ALTER TABLE `model_has_permissions`
  ADD CONSTRAINT `model_has_permissions_permission_id_foreign` FOREIGN KEY (`permission_id`) REFERENCES `permissions` (`id`) ON DELETE CASCADE;

--
-- Contraintes pour la table `model_has_roles`
--
ALTER TABLE `model_has_roles`
  ADD CONSTRAINT `model_has_roles_role_id_foreign` FOREIGN KEY (`role_id`) REFERENCES `roles` (`id`) ON DELETE CASCADE;

--
-- Contraintes pour la table `orders`
--
ALTER TABLE `orders`
  ADD CONSTRAINT `orders_id_consultation_foreign` FOREIGN KEY (`id_consultation`) REFERENCES `consultations` (`id`);

--
-- Contraintes pour la table `role_has_permissions`
--
ALTER TABLE `role_has_permissions`
  ADD CONSTRAINT `role_has_permissions_permission_id_foreign` FOREIGN KEY (`permission_id`) REFERENCES `permissions` (`id`) ON DELETE CASCADE,
  ADD CONSTRAINT `role_has_permissions_role_id_foreign` FOREIGN KEY (`role_id`) REFERENCES `roles` (`id`) ON DELETE CASCADE;
COMMIT;

/*!40101 SET CHARACTER_SET_CLIENT=@OLD_CHARACTER_SET_CLIENT */;
/*!40101 SET CHARACTER_SET_RESULTS=@OLD_CHARACTER_SET_RESULTS */;
/*!40101 SET COLLATION_CONNECTION=@OLD_COLLATION_CONNECTION */;
